-- phpMyAdmin SQL Dump
-- version 5.2.1
-- https://www.phpmyadmin.net/
--
-- Host: localhost
-- Generation Time: Aug 02, 2025 at 05:01 PM
-- Server version: 10.4.28-MariaDB
-- PHP Version: 8.2.4

SET SQL_MODE = "NO_AUTO_VALUE_ON_ZERO";
START TRANSACTION;
SET time_zone = "+00:00";


/*!40101 SET @OLD_CHARACTER_SET_CLIENT=@@CHARACTER_SET_CLIENT */;
/*!40101 SET @OLD_CHARACTER_SET_RESULTS=@@CHARACTER_SET_RESULTS */;
/*!40101 SET @OLD_COLLATION_CONNECTION=@@COLLATION_CONNECTION */;
/*!40101 SET NAMES utf8mb4 */;

--
-- Database: `sroiv4`
--

-- --------------------------------------------------------

--
-- Table structure for table `activities`
--

CREATE TABLE `activities` (
  `activity_id` int(11) NOT NULL,
  `strategy_id` int(11) NOT NULL,
  `activity_code` varchar(20) NOT NULL,
  `activity_name` varchar(500) NOT NULL,
  `activity_description` text DEFAULT NULL
) ENGINE=InnoDB DEFAULT CHARSET=utf8mb4 COLLATE=utf8mb4_general_ci;

--
-- Dumping data for table `activities`
--

INSERT INTO `activities` (`activity_id`, `strategy_id`, `activity_code`, `activity_name`, `activity_description`) VALUES
(1, 1, '1', 'พัฒนาความรู้/ทักษะ/ศักยภาพ/ทักษะอาชีพ', NULL),
(2, 1, '2', 'ออกแบบ/พัฒนา/เพิ่มมูลค่าผลิตภัณฑ์', NULL),
(3, 1, '2.1', 'แปรรูปผลิตภัณฑ์/พัฒนาผลิตภัณฑ์ใหม่/ผลิตภัณฑ์สร้างสรรค์ (พัฒนาบรรจุภัณฑ์ โลโก้แบรนด์)', NULL),
(4, 1, '2.2', 'พัฒนามาตรฐานผลิตภัณฑ์', NULL),
(5, 1, '2.3', 'ผลิตภัณฑ์ได้รับการจดทะเบียนทรัพย์สินทางปัญญา', NULL),
(6, 1, '3', 'พัฒนาศักยภาพการท่องเที่ยว', NULL),
(7, 1, '3.1', 'พัฒนาที่พัก (โฮมสเตย์)', NULL),
(8, 1, '3.2', 'พัฒนากิจกรรมการท่องเที่ยว', NULL),
(9, 1, '3.3', 'พัฒนาเส้นทางการท่องเที่ยว/แผนที่ท่องเที่ยว', NULL),
(10, 1, '4', 'จัดทำ/พัฒนาหลักสูตร/โปรแกรมสำเร็จรูปต่างๆ', NULL),
(11, 1, '5', 'พัฒนาตลาดและช่องทางการจัดจำหน่าย', NULL),
(12, 1, '6', 'สร้างหรือพัฒนาแหล่งเรียนรู้หรือศูนย์เรียนรู้', NULL),
(13, 1, '7', 'จัดตั้งกลุ่มวิสาหกิจชุมชน', NULL),
(14, 1, '8', 'พัฒนา/สร้างทุน/กระบวนการผลิต', NULL),
(15, 1, '9', 'พัฒนาหรือสร้างนวัตกรรม', NULL),
(16, 1, '10', 'สร้างและพัฒนาเครือข่าย', NULL),
(17, 1, '11', 'พัฒนาสังคม คุณภาพชีวิต และสิ่งแวดล้อม', NULL),
(18, 1, '11.1', 'อบรม/กิจกรรมเกี่ยวกับความสุข', NULL),
(19, 1, '11.2', 'อบรม/กิจกรรมเกี่ยวกับความรัก ความสามัคคีในชุมชน', NULL),
(20, 1, '11.3', 'อบรม/กิจกรรมเกี่ยวกับคุณธรรมจริยธรรม', NULL),
(21, 1, '11.4', 'พัฒนาสุขภาพ', NULL),
(22, 1, '11.5', 'พัฒนาสิ่งแวดล้อม', NULL);

-- --------------------------------------------------------

--
-- Table structure for table `audit_logs`
--

CREATE TABLE `audit_logs` (
  `id` int(11) NOT NULL,
  `table_name` varchar(100) NOT NULL COMMENT 'ชื่อตาราง',
  `record_id` varchar(50) NOT NULL COMMENT 'รหัสระเบียน',
  `action` enum('INSERT','UPDATE','DELETE','SELECT') NOT NULL COMMENT 'การกระทำ',
  `old_values` longtext CHARACTER SET utf8mb4 COLLATE utf8mb4_bin DEFAULT NULL COMMENT 'ค่าเดิม' CHECK (json_valid(`old_values`)),
  `new_values` longtext CHARACTER SET utf8mb4 COLLATE utf8mb4_bin DEFAULT NULL COMMENT 'ค่าใหม่' CHECK (json_valid(`new_values`)),
  `changed_fields` longtext CHARACTER SET utf8mb4 COLLATE utf8mb4_bin DEFAULT NULL COMMENT 'ฟิลด์ที่เปลี่ยนแปลง' CHECK (json_valid(`changed_fields`)),
  `user_id` int(11) DEFAULT NULL COMMENT 'ผู้ดำเนินการ',
  `ip_address` varchar(45) DEFAULT NULL COMMENT 'IP Address',
  `user_agent` text DEFAULT NULL COMMENT 'User Agent',
  `session_id` varchar(100) DEFAULT NULL COMMENT 'Session ID',
  `timestamp` timestamp NOT NULL DEFAULT current_timestamp()
) ENGINE=InnoDB DEFAULT CHARSET=utf8mb4 COLLATE=utf8mb4_unicode_ci COMMENT='ตารางบันทึกการตรวจสอบ';

--
-- Dumping data for table `audit_logs`
--

INSERT INTO `audit_logs` (`id`, `table_name`, `record_id`, `action`, `old_values`, `new_values`, `changed_fields`, `user_id`, `ip_address`, `user_agent`, `session_id`, `timestamp`) VALUES
(1, 'projects', '1', 'INSERT', NULL, '{\"project_code\": \"PROJ2025001\", \"name\": \"โครงการพัฒนาชุมชนต้นแบบ จ.เลย\", \"status\": \"active\", \"budget\": 5000000.00, \"created_by\": \"admin\"}', NULL, 1, NULL, NULL, NULL, '2025-07-30 09:15:16'),
(2, 'projects', '2', 'INSERT', NULL, '{\"project_code\": \"PROJ2025002\", \"name\": \"โครงการพัฒนาครูยุค 4.0\", \"status\": \"planning\", \"budget\": 3000000.00, \"created_by\": \"admin\"}', NULL, 1, NULL, NULL, NULL, '2025-07-30 09:15:16'),
(3, 'projects', '3', 'INSERT', NULL, '{\"project_code\": \"ุ681234567\", \"name\": \"การพัฒนานวัตกรการศึกษาด้วย Mobile Application: เสริมสร้างทักษะการสร้างแอปพลิเคชันการเรียนรู้ด้วย React Native สำหรับครูและบุคลากรทางการศึกษา\", \"status\": \"planning\", \"budget\": 70000.00, \"created_by\": \"3\"}', NULL, NULL, NULL, NULL, NULL, '2025-07-31 13:14:49'),
(4, 'projects', '3', 'UPDATE', '{\"name\": \"การพัฒนานวัตกรการศึกษาด้วย Mobile Application: เสริมสร้างทักษะการสร้างแอปพลิเคชันการเรียนรู้ด้วย React Native สำหรับครูและบุคลากรทางการศึกษา\", \"status\": \"planning\", \"budget\": 70000.00}', '{\"name\": \"การพัฒนานวัตกรการศึกษาด้วย Mobile Application: เสริมสร้างทักษะการสร้างแอปพลิเคชันการเรียนรู้ด้วย React Native สำหรับครูและบุคลากรทางการศึกษา\", \"status\": \"completed\", \"budget\": 70000.00}', NULL, NULL, NULL, NULL, NULL, '2025-07-31 13:43:09'),
(5, 'projects', '3', 'UPDATE', '{\"name\": \"การพัฒนานวัตกรการศึกษาด้วย Mobile Application: เสริมสร้างทักษะการสร้างแอปพลิเคชันการเรียนรู้ด้วย React Native สำหรับครูและบุคลากรทางการศึกษา\", \"status\": \"completed\", \"budget\": 70000.00}', '{\"name\": \"การพัฒนานวัตกรการศึกษาด้วย Mobile Application: เสริมสร้างทักษะการสร้างแอปพลิเคชันการเรียนรู้ด้วย React Native สำหรับครูและบุคลากรทางการศึกษา\", \"status\": \"incompleted\", \"budget\": 70000.00}', NULL, NULL, NULL, NULL, NULL, '2025-07-31 13:43:40'),
(6, 'projects', '4', 'INSERT', NULL, '{\"project_code\": \"681234568\", \"name\": \"โครงการพัฒนาศูนย์การเรียนรู้ด้านพลังงานเพื่อการพัฒนาการบริหารจัดการทรัพยากรชุมชนอย่าง\", \"status\": \"incompleted\", \"budget\": 70000.00, \"created_by\": \"3\"}', NULL, NULL, NULL, NULL, NULL, '2025-07-31 13:44:42'),
(8, 'projects', '7', 'INSERT', NULL, '{\"project_code\": \"681234569\", \"name\": \"ส่งเสริมการปลูกผักปลอดสารพิษด้วยระบบน้ำพลังงานแสงอาทิตย์และเกษตรอัจฉริยะ\", \"status\": \"incompleted\", \"budget\": 72000.00, \"created_by\": \"3\"}', NULL, NULL, NULL, NULL, NULL, '2025-08-01 14:05:46'),
(9, 'project_strategies', '1', 'INSERT', NULL, '{\"project_id\": 7, \"strategy_id\": 1, \"created_by\": \"3\"}', NULL, NULL, NULL, NULL, NULL, '2025-08-01 15:17:03'),
(10, 'project_activities', '1', 'INSERT', NULL, '{\"project_id\": 7, \"activity_id\": 1, \"created_by\": \"3\"}', NULL, NULL, NULL, NULL, NULL, '2025-08-01 15:17:27'),
(11, 'project_activities', '2', 'INSERT', NULL, '{\"project_id\": 7, \"activity_id\": 16, \"created_by\": \"3\"}', NULL, NULL, NULL, NULL, NULL, '2025-08-01 15:17:51'),
(12, 'project_activities', '3', 'INSERT', NULL, '{\"project_id\": 7, \"activity_id\": 3, \"created_by\": \"3\"}', NULL, NULL, NULL, NULL, NULL, '2025-08-01 15:18:29'),
(13, 'project_strategies', '2', 'INSERT', NULL, '{\"project_id\": 7, \"strategy_id\": 1, \"created_by\": \"3\"}', NULL, NULL, NULL, NULL, NULL, '2025-08-01 15:23:52'),
(14, 'project_activities', '4', 'INSERT', NULL, '{\"project_id\": 7, \"activity_id\": 18, \"created_by\": \"3\"}', NULL, NULL, NULL, NULL, NULL, '2025-08-01 15:25:31'),
(15, 'project_outputs', '1', 'INSERT', NULL, '{\"project_id\": 7, \"output_id\": 38, \"created_by\": \"3\"}', NULL, NULL, NULL, NULL, NULL, '2025-08-01 15:26:06'),
(16, 'project_strategies', '3', 'INSERT', NULL, '{\"project_id\": 4, \"strategy_id\": 1, \"created_by\": \"3\"}', NULL, NULL, NULL, NULL, NULL, '2025-08-01 15:31:36'),
(17, 'project_activities', '5', 'INSERT', NULL, '{\"project_id\": 4, \"activity_id\": 16, \"created_by\": \"3\"}', NULL, NULL, NULL, NULL, NULL, '2025-08-01 15:31:45'),
(18, 'project_activities', '6', 'INSERT', NULL, '{\"project_id\": 4, \"activity_id\": 1, \"created_by\": \"3\"}', NULL, NULL, NULL, NULL, NULL, '2025-08-01 16:15:31'),
(19, 'project_activities', '7', 'INSERT', NULL, '{\"project_id\": 4, \"activity_id\": 16, \"created_by\": \"3\"}', NULL, NULL, NULL, NULL, NULL, '2025-08-01 16:17:16'),
(20, 'project_activities', '8', 'INSERT', NULL, '{\"project_id\": 4, \"activity_id\": 1, \"created_by\": \"3\"}', NULL, NULL, NULL, NULL, NULL, '2025-08-01 16:17:29'),
(21, 'project_activities', '9', 'INSERT', NULL, '{\"project_id\": 4, \"activity_id\": 13, \"created_by\": \"3\"}', NULL, NULL, NULL, NULL, NULL, '2025-08-01 16:22:30'),
(22, 'project_activities', '10', 'INSERT', NULL, '{\"project_id\": 4, \"activity_id\": 16, \"created_by\": \"3\"}', NULL, NULL, NULL, NULL, NULL, '2025-08-01 16:23:01'),
(23, 'project_activities', '11', 'INSERT', NULL, '{\"project_id\": 4, \"activity_id\": 10, \"created_by\": \"3\"}', NULL, NULL, NULL, NULL, NULL, '2025-08-01 16:23:54'),
(24, 'project_activities', '12', 'INSERT', NULL, '{\"project_id\": 4, \"activity_id\": 11, \"created_by\": \"3\"}', NULL, NULL, NULL, NULL, NULL, '2025-08-01 16:25:12'),
(25, 'project_activities', '13', 'INSERT', NULL, '{\"project_id\": 4, \"activity_id\": 12, \"created_by\": \"3\"}', NULL, NULL, NULL, NULL, NULL, '2025-08-01 16:26:03'),
(26, 'project_activities', '14', 'INSERT', NULL, '{\"project_id\": 4, \"activity_id\": 13, \"created_by\": \"3\"}', NULL, NULL, NULL, NULL, NULL, '2025-08-01 16:26:27'),
(27, 'project_activities', '15', 'INSERT', NULL, '{\"project_id\": 4, \"activity_id\": 14, \"created_by\": \"3\"}', NULL, NULL, NULL, NULL, NULL, '2025-08-01 16:26:45'),
(28, 'project_activities', '16', 'INSERT', NULL, '{\"project_id\": 4, \"activity_id\": 15, \"created_by\": \"3\"}', NULL, NULL, NULL, NULL, NULL, '2025-08-01 16:27:25'),
(29, 'project_activities', '17', 'INSERT', NULL, '{\"project_id\": 4, \"activity_id\": 1, \"created_by\": \"3\"}', NULL, NULL, NULL, NULL, NULL, '2025-08-01 16:28:22'),
(30, 'project_activities', '18', 'INSERT', NULL, '{\"project_id\": 4, \"activity_id\": 16, \"created_by\": \"3\"}', NULL, NULL, NULL, NULL, NULL, '2025-08-01 16:39:04'),
(31, 'project_activities', '19', 'INSERT', NULL, '{\"project_id\": 4, \"activity_id\": 1, \"created_by\": \"3\"}', NULL, NULL, NULL, NULL, NULL, '2025-08-01 16:39:49'),
(32, 'project_activities', '20', 'INSERT', NULL, '{\"project_id\": 4, \"activity_id\": 2, \"created_by\": \"3\"}', NULL, NULL, NULL, NULL, NULL, '2025-08-01 16:40:48'),
(33, 'project_activities', '21', 'INSERT', NULL, '{\"project_id\": 4, \"activity_id\": 3, \"created_by\": \"3\"}', NULL, NULL, NULL, NULL, NULL, '2025-08-01 16:41:07'),
(34, 'project_activities', '22', 'INSERT', NULL, '{\"project_id\": 4, \"activity_id\": 4, \"created_by\": \"3\"}', NULL, NULL, NULL, NULL, NULL, '2025-08-01 16:41:29'),
(35, 'project_activities', '23', 'INSERT', NULL, '{\"project_id\": 4, \"activity_id\": 5, \"created_by\": \"3\"}', NULL, NULL, NULL, NULL, NULL, '2025-08-01 16:41:58'),
(36, 'project_activities', '24', 'INSERT', NULL, '{\"project_id\": 4, \"activity_id\": 7, \"created_by\": \"3\"}', NULL, NULL, NULL, NULL, NULL, '2025-08-01 16:42:29'),
(37, 'project_activities', '25', 'INSERT', NULL, '{\"project_id\": 4, \"activity_id\": 8, \"created_by\": \"3\"}', NULL, NULL, NULL, NULL, NULL, '2025-08-01 16:42:50'),
(38, 'project_activities', '26', 'INSERT', NULL, '{\"project_id\": 4, \"activity_id\": 9, \"created_by\": \"3\"}', NULL, NULL, NULL, NULL, NULL, '2025-08-01 16:43:08'),
(39, 'project_activities', '27', 'INSERT', NULL, '{\"project_id\": 4, \"activity_id\": 18, \"created_by\": \"3\"}', NULL, NULL, NULL, NULL, NULL, '2025-08-01 16:44:28'),
(40, 'project_activities', '28', 'INSERT', NULL, '{\"project_id\": 4, \"activity_id\": 19, \"created_by\": \"3\"}', NULL, NULL, NULL, NULL, NULL, '2025-08-01 16:44:43'),
(41, 'project_activities', '29', 'INSERT', NULL, '{\"project_id\": 4, \"activity_id\": 20, \"created_by\": \"3\"}', NULL, NULL, NULL, NULL, NULL, '2025-08-01 16:45:09'),
(42, 'project_activities', '30', 'INSERT', NULL, '{\"project_id\": 4, \"activity_id\": 21, \"created_by\": \"3\"}', NULL, NULL, NULL, NULL, NULL, '2025-08-01 16:45:33'),
(43, 'project_activities', '31', 'INSERT', NULL, '{\"project_id\": 4, \"activity_id\": 22, \"created_by\": \"3\"}', NULL, NULL, NULL, NULL, NULL, '2025-08-01 16:45:52'),
(44, 'project_strategies', '4', 'INSERT', NULL, '{\"project_id\": 4, \"strategy_id\": 1, \"created_by\": \"3\"}', NULL, NULL, NULL, NULL, NULL, '2025-08-01 16:48:11'),
(45, 'project_activities', '32', 'INSERT', NULL, '{\"project_id\": 4, \"activity_id\": 1, \"created_by\": \"3\"}', NULL, NULL, NULL, NULL, NULL, '2025-08-01 16:48:26'),
(46, 'project_strategies', '5', 'INSERT', NULL, '{\"project_id\": 4, \"strategy_id\": 1, \"created_by\": \"3\"}', NULL, NULL, NULL, NULL, NULL, '2025-08-01 16:48:48'),
(47, 'project_activities', '33', 'INSERT', NULL, '{\"project_id\": 4, \"activity_id\": 13, \"created_by\": \"3\"}', NULL, NULL, NULL, NULL, NULL, '2025-08-01 16:48:57'),
(48, 'project_activities', '34', 'INSERT', NULL, '{\"project_id\": 4, \"activity_id\": 1, \"created_by\": \"3\"}', NULL, NULL, NULL, NULL, NULL, '2025-08-01 16:51:21'),
(49, 'project_activities', '35', 'INSERT', NULL, '{\"project_id\": 4, \"activity_id\": 17, \"created_by\": \"3\"}', NULL, NULL, NULL, NULL, NULL, '2025-08-01 16:52:42'),
(50, 'project_activities', '36', 'INSERT', NULL, '{\"project_id\": 4, \"activity_id\": 18, \"created_by\": \"3\"}', NULL, NULL, NULL, NULL, NULL, '2025-08-01 16:52:49'),
(51, 'project_activities', '37', 'INSERT', NULL, '{\"project_id\": 4, \"activity_id\": 1, \"created_by\": \"3\"}', NULL, NULL, NULL, NULL, NULL, '2025-08-01 17:12:19'),
(52, 'project_activities', '38', 'INSERT', NULL, '{\"project_id\": 4, \"activity_id\": 16, \"created_by\": \"3\"}', NULL, NULL, NULL, NULL, NULL, '2025-08-01 17:13:41'),
(53, 'project_activities', '39', 'INSERT', NULL, '{\"project_id\": 4, \"activity_id\": 15, \"created_by\": \"3\"}', NULL, NULL, NULL, NULL, NULL, '2025-08-01 17:13:58'),
(54, 'project_activities', '40', 'INSERT', NULL, '{\"project_id\": 4, \"activity_id\": 1, \"created_by\": \"3\"}', NULL, NULL, NULL, NULL, NULL, '2025-08-01 17:16:33'),
(55, 'project_strategies', '6', 'INSERT', NULL, '{\"project_id\": 4, \"strategy_id\": 1, \"created_by\": \"3\"}', NULL, NULL, NULL, NULL, NULL, '2025-08-01 17:17:20'),
(56, 'project_activities', '41', 'INSERT', NULL, '{\"project_id\": 4, \"activity_id\": 18, \"created_by\": \"3\"}', NULL, NULL, NULL, NULL, NULL, '2025-08-01 17:17:30'),
(57, 'project_strategies', '7', 'INSERT', NULL, '{\"project_id\": 3, \"strategy_id\": 1, \"created_by\": \"3\"}', NULL, NULL, NULL, NULL, NULL, '2025-08-01 17:27:26'),
(58, 'project_activities', '42', 'INSERT', NULL, '{\"project_id\": 3, \"activity_id\": 1, \"created_by\": \"3\"}', NULL, NULL, NULL, NULL, NULL, '2025-08-01 17:27:51'),
(59, 'project_outputs', '2', 'INSERT', NULL, '{\"project_id\": 3, \"output_id\": 2, \"created_by\": \"3\"}', NULL, NULL, NULL, NULL, NULL, '2025-08-01 17:28:13'),
(60, 'project_strategies', '8', 'INSERT', NULL, '{\"project_id\": 4, \"strategy_id\": 1, \"created_by\": \"3\"}', NULL, NULL, NULL, NULL, NULL, '2025-08-01 17:37:11'),
(61, 'project_activities', '43', 'INSERT', NULL, '{\"project_id\": 4, \"activity_id\": 7, \"created_by\": \"3\"}', NULL, NULL, NULL, NULL, NULL, '2025-08-01 17:37:21'),
(62, 'project_outputs', '3', 'INSERT', NULL, '{\"project_id\": 4, \"output_id\": 15, \"created_by\": \"3\"}', NULL, NULL, NULL, NULL, NULL, '2025-08-01 17:37:49'),
(63, 'project_strategies', '9', 'INSERT', NULL, '{\"project_id\": 7, \"strategy_id\": 1, \"created_by\": \"3\"}', NULL, NULL, NULL, NULL, NULL, '2025-08-02 12:58:51'),
(64, 'project_activities', '44', 'INSERT', NULL, '{\"project_id\": 7, \"activity_id\": 18, \"created_by\": \"3\"}', NULL, NULL, NULL, NULL, NULL, '2025-08-02 12:58:58'),
(65, 'project_strategies', '10', 'INSERT', NULL, '{\"project_id\": 7, \"strategy_id\": 1, \"created_by\": \"3\"}', NULL, NULL, NULL, NULL, NULL, '2025-08-02 13:06:01'),
(66, 'project_activities', '45', 'INSERT', NULL, '{\"project_id\": 7, \"activity_id\": 1, \"created_by\": \"3\"}', NULL, NULL, NULL, NULL, NULL, '2025-08-02 13:06:13'),
(67, 'project_outputs', '4', 'INSERT', NULL, '{\"project_id\": 7, \"output_id\": 2, \"created_by\": \"3\"}', NULL, NULL, NULL, NULL, NULL, '2025-08-02 13:07:06');

-- --------------------------------------------------------

--
-- Table structure for table `outcomes`
--

CREATE TABLE `outcomes` (
  `outcome_id` int(11) NOT NULL,
  `output_id` int(11) NOT NULL COMMENT 'รหัสผลผลิตที่เกี่ยวข้อง',
  `outcome_sequence` varchar(10) NOT NULL COMMENT 'ลำดับผลลัพธ์',
  `outcome_description` text NOT NULL COMMENT 'รายละเอียดผลลัพธ์',
  `created_at` timestamp NOT NULL DEFAULT current_timestamp(),
  `updated_at` timestamp NOT NULL DEFAULT current_timestamp() ON UPDATE current_timestamp()
) ENGINE=InnoDB DEFAULT CHARSET=utf8mb4 COLLATE=utf8mb4_unicode_ci COMMENT='ตารางเก็บข้อมูลผลลัพธ์ (Outcomes)';

--
-- Dumping data for table `outcomes`
--

INSERT INTO `outcomes` (`outcome_id`, `output_id`, `outcome_sequence`, `outcome_description`, `created_at`, `updated_at`) VALUES
(1, 2, '1.1.1', 'กลุ่มเป้าหมาย จำนวน..........คน สามารถถ่ายทอดความรู้ เกี่ยวกับ.......................ให้กับ..................จำนวน..........คน (กลุ่ม/ชุมชน)', '2025-08-02 03:57:42', '2025-08-02 03:57:42'),
(2, 2, '1.1.2', 'กลุ่มเป้าหมาย จำนวน..........คน สามารถนำความรู้ ด้าน.......................มา....(ใช้ประโยชน์อย่างไร)....ทำให้สร้างรายได้เพิ่มขึ้น', '2025-08-02 03:57:42', '2025-08-02 03:57:42'),
(3, 2, '1.1.3', 'กลุ่มเป้าหมาย จำนวน..........คน สามารถนำความรู้ ด้าน.......................มา....(ใช้ประโยชน์อย่างไร)....ทำให้ต้นทุนลดลง', '2025-08-02 03:57:42', '2025-08-02 03:57:42'),
(4, 3, '1.2.1', 'กลุ่มเป้าหมาย จำนวน..........คน สามารถถ่ายทอดความรู้ความสามารถที่เกิดจากศักยภาพ ด้าน.......................ให้กับ..................จำนวน..........คน (กลุ่ม/ชุมชน)', '2025-08-02 04:04:42', '2025-08-02 04:04:42'),
(5, 3, '1.2.2', 'กลุ่มเป้าหมาย จำนวน..........คน สามารถนำความรู้ความสามารถที่เกิดจากศักยภาพ ด้าน.......................มา....(ใช้ประโยชน์อย่างไร)....ทำให้สร้างรายได้เพิ่มขึ้น', '2025-08-02 04:04:42', '2025-08-02 04:04:42'),
(6, 3, '1.2.3', 'กลุ่มเป้าหมาย จำนวน..........คน ความรู้ความสามารถที่เกิดจากศักยภาพ ด้าน.......................มา....(ใช้ประโยชน์อย่างไร)....ทำให้ต้นทุนลดลง', '2025-08-02 04:04:42', '2025-08-02 04:04:42'),
(7, 4, '1.3.1', 'กลุ่มเป้าหมาย จำนวน..........คน สามารถถ่ายทอดสมรรถนะ ด้าน.......................ให้กับ..................จำนวน..........คน (กลุ่ม/ชุมชน)', '2025-08-02 04:06:41', '2025-08-02 04:06:41'),
(8, 4, '1.3.2', 'กลุ่มเป้าหมาย จำนวน..........คน สามารถนำสมรรถนะ ด้าน.......................มา....(ใช้ประโยชน์อย่างไร)....ทำให้สร้างรายได้เพิ่มขึ้น', '2025-08-02 04:06:41', '2025-08-02 04:06:41'),
(9, 4, '1.3.3', 'กลุ่มเป้าหมาย จำนวน..........คน สามารถนำสรรถนะ ด้าน.......................มา....(ใช้ประโยชน์อย่างไร)....ทำให้ต้นทุนลดลง', '2025-08-02 04:06:41', '2025-08-02 04:06:41'),
(10, 5, '2.1', 'กลุ่มเป้าหมายมีกลุ่มอาชีพ....(อาชีพอะไร).......ทำให้มีรายได้เพิ่มขึ้น', '2025-08-02 04:14:45', '2025-08-02 04:14:45'),
(11, 6, '1.1', 'รายได้เพิ่มขึ้นจาการขายผลิตภัณฑ์ใหม่ที่มีการพัฒนาบรรจุภัณฑ์ใหม่/โลโก้แบรนด์ใหม่ ได้แก่..........................................', '2025-08-02 04:21:09', '2025-08-02 04:21:09'),
(12, 7, '2.1', 'รายได้เพิ่มขึ้นจาการขายผลิตภัณฑ์แปรรูป (รวมถึงมีการพัฒนาบรรจุภัณฑ์ โลโก้แบรนด์ และอื่นๆ ที่เป็นการเพิ่มมูลค่าผลิตภัณฑ์แปรรูป) ได้แก่...........................................  ', '2025-08-02 04:22:51', '2025-08-02 04:22:51'),
(13, 8, '3.1', 'รายได้เพิ่มขึ้นจากการขายผลิตภัณฑ์สร้างสรรค์ (รวมถึงมีการพัฒนาบรรจุภัณฑ์ โลโก้แบรนด์ และอื่นๆ ที่เป็นการเพิ่มมูลค่าผลิตภัณฑ์แปรรูป) ได้แก่...........................................   ', '2025-08-02 04:24:19', '2025-08-02 04:24:19'),
(14, 9, '1.1', 'รายได้เพิ่มขึ้นจากการขายผลิตภัณฑ์ใหม่ที่ได้รับมาตรฐาน ได้แก่...........................................  ', '2025-08-02 07:13:42', '2025-08-02 07:13:42'),
(15, 10, '2.1', 'รายได้เพิ่มขึ้นจากการขายผลิตภัณฑ์แปรรูปที่ได้รับมาตรฐาน ได้แก่...........................................   ', '2025-08-02 07:15:20', '2025-08-02 07:15:20'),
(16, 11, '3.1', 'รายได้เพิ่มขึ้นจากการขายผลิตภัณฑ์สร้างสรรค์ที่ได้ได้รับมาตรฐาน ได้แก่...........................................    ', '2025-08-02 07:16:24', '2025-08-02 07:16:24'),
(17, 12, '1.1', 'รายได้เพิ่มขึ้นจากการขายผลิตภัณฑ์ใหม่ผลิตภัณฑ์ใหม่ได้การจดทะเบียนทรัพย์สินทางปัญญา ประเภท ลิขสิทธิ์, สิทธิบัตร, อนุสิทธิบัตร) ได้แก่...........................................     ', '2025-08-02 07:22:34', '2025-08-02 07:22:34'),
(18, 13, '2.1', 'รายได้เพิ่มขึ้นจากการขายผลิตภัณฑ์แปรรูปผลิตภัณฑ์ใหม่ได้การจดทะเบียนทรัพย์สินทางปัญญา ประเภท ลิขสิทธิ์, สิทธิบัตร, อนุสิทธิบัตร) ได้แก่...........................................     ', '2025-08-02 07:23:32', '2025-08-02 07:23:32'),
(19, 14, '3.1', 'รายได้เพิ่มขึ้นจากการขายผลิตภัณฑ์ใหม่ผลิตภัณฑ์ใหม่ได้การจดทะเบียนทรัพย์สินทางปัญญา ประเภท ลิขสิทธิ์, สิทธิบัตร, อนุสิทธิบัตร) ได้แก่...........................................     ', '2025-08-02 07:25:02', '2025-08-02 07:25:02'),
(20, 15, '1.1', 'ผู้ประกอบการที่พัก (โฮมสเตย์) เป้าหมาย จำนวน.......ราย มีรายได้เพิ่มขึ้น จากการพัฒนา.....(อย่างไร)..........', '2025-08-02 07:32:34', '2025-08-02 07:32:34'),
(21, 16, '2.1', 'ผู้ประกอบการที่พัก (โฮมสเตย์) เป้าหมาย จำนวน.......ราย มีรายได้เพิ่มขึ้น จากการได้รับมาตรฐาน...................', '2025-08-02 07:33:42', '2025-08-02 07:33:42'),
(22, 17, '1.1', 'รายได้เพิ่มขึ้นจากกิจกรรมการท่องเที่ยว 1. มีกิจกรรมการท่องเที่ยวใหม่ (กิจกรรมการท่องเที่ยวที่ได้รับการพัฒนา) (ระบุรายการกิจกรรมการท่องเที่ยวมีอะไรบ้าง)', '2025-08-02 07:36:15', '2025-08-02 07:36:15'),
(23, 18, '1.1', 'รายได้เพิ่มขึ้นจากการนำเที่ยวเส้นทางนำเที่ยวใหม่ (เส้นทางการท่องเที่ยวที่ได้รับการพัฒนา) จำนวน...........เส้นทาง', '2025-08-02 07:37:46', '2025-08-02 07:37:46'),
(24, 19, '1.1', 'กลุ่มเป้าหมายจำนวน........คน สามารถใช้ประโยชน์จากหลักสูตรในการจัดอบรมพัฒนาทักษะและทำให้เกิดรายได้จากค่าตอบแทนในการจัดอบรมหลักสูตร', '2025-08-02 07:51:48', '2025-08-02 07:51:48'),
(25, 19, '1.2', 'ผู้ใช้ประโยชน์ จำนวน.......คน ได้นำความรู้และทักษะที่ได้รับจากหลักสูตรไป...........(ประกอบอาชีพ/พัฒนาอาชีพ/พัฒนากิจการ/มีความรู้หรือทักษะที่เพิ่มขึ้น) ทำให้มีรายได้เพิ่มขึ้น จาก........(อย่างไร)..........', '2025-08-02 07:51:48', '2025-08-02 07:51:48'),
(26, 19, '1.3', 'ผู้ใช้ประโยชน์ จำนวน.......คน ได้นำความรู้และทักษะที่ได้รับจากหลักสูตรไป...........(ประกอบอาชีพ/พัฒนาอาชีพ/พัฒนากิจการ/มีความรู้หรือทักษะที่เพิ่มขึ้น) ทำให้มีค่าใช้จ่ายหรือต้นทุนลดลงจาก........(อย่างไร)..........', '2025-08-02 07:51:48', '2025-08-02 07:51:48'),
(27, 20, '2.1', 'กลุ่มเป้าหมายจำนวน........คน สามารถใช้ประโยชน์จากหลักสูตรในการจัดอบรมพัฒนาทักษะและทำให้เกิดรายได้จากค่าตอบแทนในการจัดอบรมหลักสูตร', '2025-08-02 07:55:52', '2025-08-02 07:55:52'),
(28, 20, '2.2', 'ผู้ใช้ประโยชน์ จำนวน.......คน ได้นำความรู้และทักษะที่ได้รับจากหลักสูตรไป...........(ประกอบอาชีพ/พัฒนาอาชีพ/พัฒนากิจการ/มีความรู้หรือทักษะที่เพิ่มขึ้น) ทำให้มีรายได้เพิ่มขึ้น จาก........(อย่างไร)..........', '2025-08-02 07:55:52', '2025-08-02 07:55:52'),
(29, 20, '2.3', 'ผู้ใช้ประโยชน์ จำนวน.......คน ได้นำความรู้และทักษะที่ได้รับจากหลักสูตรไป...........(ประกอบอาชีพ/พัฒนาอาชีพ/พัฒนากิจการ/มีความรู้หรือทักษะที่เพิ่มขึ้น) ทำให้มีค่าใช้จ่ายหรือต้นทุนลดลงจาก........(อย่างไร)..........', '2025-08-02 07:55:52', '2025-08-02 07:55:52'),
(30, 21, '3.1', 'รายได้เพิ่มขึ้นจากการนำโปรแกรมสำเร็จรูป................ไปประโยชน์จากทำให้มีรายได้เพิ่มขึ้นจาก....... (อย่างไร........)', '2025-08-02 07:58:34', '2025-08-02 07:58:34'),
(31, 21, '3.2', 'ต้นทุนหรือค่าใช้จ่ายจากการนำโปรแกรมสำเร็จรูป................ไปใช้ประโยชน์จากทำให้ต้นทุนหรือค่าใช้จ่ายลดลง จาก..... (อย่างไร......)', '2025-08-02 07:58:34', '2025-08-02 07:58:34'),
(32, 21, '3.3', 'ประสิทธิภาพเพิ่มขึ้นจากการนำโปรแกรมสำเร็จรูป................ไปใช้ประโยชน์จากทำให้ต้นทุนหรือค่าใช้จ่ายลดลง จาก.. (อย่างไร.......)', '2025-08-02 07:58:34', '2025-08-02 07:58:34'),
(33, 22, '4.1', 'รายได้เพิ่มขึ้นจากการนำ Application................ไปประโยชน์จากทำให้มีรายได้เพิ่มขึ้นจาก....... (อย่างไร........)', '2025-08-02 08:06:22', '2025-08-02 08:06:22'),
(34, 22, '4.2', 'ต้นทุนหรือค่าใช้จ่ายจากการนำApplication................ไปใช้ประโยชน์จากทำให้ต้นทุนหรือค่าใช้จ่ายลดลง จาก..... (อย่างไร......)', '2025-08-02 08:06:22', '2025-08-02 08:06:22'),
(35, 22, '4.3', 'ประสิทธิภาพเพิ่มขึ้นจากการนำApplication................ไปใช้ประโยชน์จากทำให้ต้นทุนหรือค่าใช้จ่ายลดลง จาก.. (อย่างไร.......)', '2025-08-02 08:06:22', '2025-08-02 08:06:22'),
(36, 23, '1.1', 'กลุ่มเป้าหมาย จำนวน......คน(ราย) มียอดขายเพิ่มขึ้น(รายได้)เพิ่มขึ้นจากช่องการตลาดออฟไลน์', '2025-08-02 08:10:26', '2025-08-02 08:10:26'),
(37, 23, '1.2', 'กลุ่มเป้าหมาย จำนวน......คน(ราย) สามารถทำให้ต้นทุน/ค่าใช้จ่ายเกี่ยวกับ..เรื่องอะไร....ลดลงจากการมีช่องการตลาดออฟไลน์ใหม่', '2025-08-02 08:10:26', '2025-08-02 08:10:26'),
(39, 24, '2.1', 'กลุ่มเป้าหมาย จำนวน......คน(ราย) มียอดขายเพิ่มขึ้น(รายได้)เพิ่มขึ้นจากช่องการตลาดออนไลน์', '2025-08-02 08:12:22', '2025-08-02 08:12:22'),
(40, 25, '3.1', 'กลุ่มเป้าหมาย จำนวน......คน(ราย) มียอดขาย(รายได้)เพิ่มขึ้นการจัดงานแสดงผลิตภัณฑ์/ผลงาน', '2025-08-02 08:15:34', '2025-08-02 08:15:34'),
(41, 26, '4.1', 'กลุ่มเป้าหมาย จำนวน......คน(ราย) ยอดขาย(มีรายได้)เพิ่มขึ้นจากสื่อด้านการตลาด (สื่อออนไลน์.....สื่ออะไร.......)', '2025-08-02 08:17:10', '2025-08-02 08:17:10'),
(42, 27, '5.1', 'กลุ่มเป้าหมาย จำนวน......คน(ราย) ยอดขาย(มีรายได้)เพิ่มขึ้นจากสื่อด้านการตลาด (สื่อ ออฟไลน์).....สื่ออะไร.......', '2025-08-02 08:18:55', '2025-08-02 08:18:55'),
(43, 28, '1.1', 'กลุ่ม/ชุมชนเป้าหมายได้เผยแพร่ภูมิปัญญาเกี่ยวกับ.......ทำให้มียอดขายสินค้า/ผลิตภัณฑ์เพิ่มขึ้น', '2025-08-02 08:23:35', '2025-08-02 08:23:35'),
(44, 28, '1.2', 'มีจำนวนผู้เข้าเยี่ยมชมเพิ่มขึ้นกลุ่ม/ชุมชนได้เผยแพร่ภูมิปัญญาเกี่ยวกับ.......ทำให้กลุ่ม/ชุมชนมีรายได้เพิ่มขึ้น', '2025-08-02 08:23:35', '2025-08-02 08:23:35'),
(46, 29, '1.1', 'รายได้เพิ่มขึ้น จาก........อะไร............จากการจัดตั้งกลุ่มวิสาหกิจ', '2025-08-02 08:27:50', '2025-08-02 08:27:50'),
(47, 29, '1.2', 'ต้นทุนลดลง จาก........อะไร............ จากการจัดตั้งกลุ่มวิสาหกิจ', '2025-08-02 08:27:50', '2025-08-02 08:27:50'),
(49, 30, '1.1', 'เมื่อมี....(ระบบ อุปกรณ์ เครื่องจักร เครื่องใช้ เทคโนโลยี โรงเรือน สถานที่).....ทำให้มีผลผลิตเพิ่มขึ้น', '2025-08-02 08:46:17', '2025-08-02 08:46:17'),
(50, 30, '1.2', 'เมื่อมี....(ระบบ อุปกรณ์ เครื่องจักร เครื่องใช้ เทคโนโลยี โรงเรือน สถานที่).....ทำให้ลดต้นทุนเกี่ยวกับ....................', '2025-08-02 08:46:17', '2025-08-02 08:46:17'),
(51, 30, '1.3', 'เมื่อมี....(ระบบ อุปกรณ์ เครื่องจักร เครื่องใช้ เทคโนโลยี โรงเรือน สถานที่).....ทำให้มีรายได้เพิ่มขึ้น', '2025-08-02 08:46:17', '2025-08-02 08:46:17'),
(52, 30, '1.4', 'เมื่อมี....(ระบบ อุปกรณ์ เครื่องจักร เครื่องใช้ เทคโนโลยี โรงเรือน สถานที่).....ทำให้ประสิทธิภาพด้าน...........เพิ่มขึ้น (เช่น เวลาลดลง ใช้แรงงานลดลง ฯลฯ)', '2025-08-02 08:46:17', '2025-08-02 08:46:17'),
(56, 32, '1.1', 'กลุ่มเป้าหมาย จำนวน.........คน รายได้เพิ่มขึ้นจากการนำนวัตกรรมการใช้ประโยชน์ทำให้......(อะไรดีขึ้นอย่างไร).............', '2025-08-02 08:53:40', '2025-08-02 08:53:40'),
(57, 32, '1.2', 'กลุ่มเป้าหมาย จำนวน..........คน ต้นทุนลดลงจากการนำนวัตกรรมการใช้ประโยชน์ทำให้......(อะไรดีขึ้นอย่างไร).............', '2025-08-02 08:53:40', '2025-08-02 08:53:40'),
(58, 32, '1.3', 'มีประสิทธิภาพ...(เช่น ด้านผลผลิต เวลาทำงาน)...เพิ่มขึ้น จากการนำนวัตกรรมการใช้ประโยชน์ทำให้......(อะไรดีขึ้นอย่างไร).............', '2025-08-02 08:53:40', '2025-08-02 08:53:40'),
(59, 33, '2.1', 'นวัตกรรมมีชื่อเสียงและได้รับความน่าเชื่อถือทำให้มีรายได้เพิ่มขึ้นจาก....(ใช้ประโยชน์จากนวัตกรรมอย่างไร).....', '2025-08-02 08:55:14', '2025-08-02 08:55:14'),
(60, 34, '3.1', 'รายได้เพิ่มขึ้นจากการขอใช้สิทธิ์นวัตกรรม', '2025-08-02 08:56:11', '2025-08-02 08:56:11'),
(61, 35, '1.1', 'กลุ่มเป้าหมาย จำนวน..........คน มีรายได้เพิ่มขึ้นจาก...มีอะไรดีขึ้น......จากการมีเครือข่าย...ชื่อเครือข่าย......', '2025-08-02 08:59:24', '2025-08-02 08:59:24'),
(62, 35, '1.2', 'กลุ่มเป้าหมาย จำนวน..........คนมีต้นทุนลดลงนจาก...มีอะไรดีขึ้น......จากการมีเครือข่าย...ชื่อเครือข่าย......', '2025-08-02 08:59:24', '2025-08-02 08:59:24'),
(64, 36, '2.1', 'กลุ่มเป้าหมาย จำนวน..........คน มีรายได้เพิ่มขึ้นจาก...มีอะไรดีขึ้น......จากการมี MOU กับ...ชื่อหน่วยงานที่ทำ MOU......', '2025-08-02 09:01:21', '2025-08-02 09:01:21'),
(65, 36, '2.2', 'กลุ่มเป้าหมาย จำนวน..........คนมีต้นทุนลดลงนจาก...มีอะไรดีขึ้น......จากการมี MOU กับ...ชื่อหน่วยงานที่ทำ MOU......', '2025-08-02 09:01:21', '2025-08-02 09:01:21'),
(67, 37, '3.1', 'กลุ่มเป้าหมาย จำนวน..........คน มีรายได้เพิ่มขึ้นจาก...มีอะไรดีขึ้น......จากการจากการจับคู่ทางการค้า', '2025-08-02 09:02:31', '2025-08-02 09:02:31'),
(68, 37, '3.2', 'กลุ่มเป้าหมาย จำนวน..........คนมีต้นทุนลดลงนจาก...มีอะไรดีขึ้น......จากการจากการจับคู่ทางการค้า', '2025-08-02 09:02:31', '2025-08-02 09:02:31'),
(70, 31, '2.1', 'เมื่อมี....(ระบบ อุปกรณ์ เครื่องจักร เครื่องใช้ เทคโนโลยี โรงเรือน สถานที่).....ทำให้มีผลผลิตเพิ่มขึ้น', '2025-08-02 14:11:28', '2025-08-02 14:11:28'),
(71, 31, '2.2', 'เมื่อมี....(ระบบ อุปกรณ์ เครื่องจักร เครื่องใช้ เทคโนโลยี โรงเรือน สถานที่).....ทำให้ลดต้นทุนเกี่ยวกับ....................', '2025-08-02 14:11:28', '2025-08-02 14:11:28'),
(72, 31, '2.3', 'เมื่อมี....(ระบบ อุปกรณ์ เครื่องจักร เครื่องใช้ เทคโนโลยี โรงเรือน สถานที่).....ทำให้มีรายได้เพิ่มขึ้น', '2025-08-02 14:11:28', '2025-08-02 14:11:28'),
(73, 31, '2.4', 'เมื่อมี....(ระบบ อุปกรณ์ เครื่องจักร เครื่องใช้ เทคโนโลยี โรงเรือน สถานที่).....ทำให้ประสิทธิภาพด้าน...........เพิ่มขึ้น (เช่น เวลาลดลง ใช้แรงงานลดลง ฯลฯ)', '2025-08-02 14:11:28', '2025-08-02 14:11:28'),
(77, 38, '1.1', 'กลุ่มเป้าหมายมีความรู้/เข้าใจเกี่ยวกับความสุขเพิ่มขึ้น และนำมาปรับใช้ทำให้มีความสุขเพิ่มขึ้นจาก....(อะไรเปลี่ยนแปลงดีขึ้น เช่น มีพฤติกรรมบางอย่างด้านลบน้อยลง)......', '2025-08-02 14:32:36', '2025-08-02 14:32:36'),
(78, 39, '1.1', 'กลุ่มเป้าหมายมีความรู้/เข้าใจเกี่ยวกับการสร้างความรักความสามัคคีเพิ่มขึ้น และนำมาปรับใช้ทำให้มีความรักความสามัคคีจาก....(อะไรเปลี่ยนแปลงดีขึ้น เช่น มีพฤติกรรมบางอย่างด้านลบน้อยลง)......', '2025-08-02 14:34:25', '2025-08-02 14:34:25'),
(79, 40, '1.1', 'กลุ่มเป้าหมายมีคุณธรรมจริยธรรมมากขึ้นส่งผลทำให้มีพฤติกรรม..... (เปลี่ยนไปในทางที่ดีขึ้นอย่างไร).....', '2025-08-02 14:35:12', '2025-08-02 14:35:12'),
(80, 41, '1.1', 'กลุ่มเป้าหมายจำนวน......คน สุขภาพเกี่ยวกับ...(สุขภาพด้านใด).......ดีขึ้น ทำให้ค่าใช้จ่ายด้านการักษาสุขภาพลดลง', '2025-08-02 14:36:01', '2025-08-02 14:36:01'),
(81, 41, '1.1', 'กลุ่มเป้าหมายจำนวน......คน มีพฤติกรรมด้านสุขภาพดีขึ้น ทำให้ค่าใช้จ่ายด้านการักษาสุขภาพลดลง', '2025-08-02 14:42:02', '2025-08-02 14:42:02'),
(82, 41, '1.2', 'กลุ่มเป้าหมายจำนวน......คน มีพฤติกรรมด้านสุขภาพดีขึ้น ทำให้ค่าใช้จ่ายด้านการป้องกันสุขภาพลดลง', '2025-08-02 14:42:02', '2025-08-02 14:42:02'),
(84, 42, '1.1', 'กลุ่มเป้าหมายจำนวน......คน ได้รับการพัฒนาสภาพแวดล้อมดีขึ้น จาก....กิจกรรมอะไร เช่น การคัดแยกขยะ การมีอุปกรณ์นวัตกรรมในการเก็บขยะ กิจกรรมการผลิตที่ลดมลพิษ เช่น ควัน การลดการใช้ปุ๋ยเคมี....', '2025-08-02 14:45:56', '2025-08-02 14:45:56');

-- --------------------------------------------------------

--
-- Table structure for table `outputs`
--

CREATE TABLE `outputs` (
  `output_id` int(11) NOT NULL,
  `activity_id` int(11) NOT NULL,
  `output_sequence` varchar(10) DEFAULT NULL,
  `output_description` text NOT NULL,
  `target_details` text DEFAULT NULL
) ENGINE=InnoDB DEFAULT CHARSET=utf8mb4 COLLATE=utf8mb4_general_ci;

--
-- Dumping data for table `outputs`
--

INSERT INTO `outputs` (`output_id`, `activity_id`, `output_sequence`, `output_description`, `target_details`) VALUES
(1, 1, '1', 'กลุ่มเป้าหมาย จำนวน.........คน มีความรู้ ความเข้าใจ และทักษะ/ศักยภาพ/สมรรถนะ เกี่ยวกับ.....................', 'กลุ่มเป้าหมายที่ได้รับการพัฒนาความรู้ ความเข้าใจ และทักษะ ศักยภาพ สมรรถนะในด้านต่างๆ'),
(2, 1, '1.1', 'กลุ่มเป้าหมาย จำนวน.........คน มีความรู้ ความเข้าใจ และทักษะ เกี่ยวกับ.....................', 'กลุ่มเป้าหมายที่ได้รับการพัฒนาความรู้ ความเข้าใจ และทักษะเฉพาะด้าน'),
(3, 1, '1.2', 'กลุ่มเป้าหมาย จำนวน.........คน มีศักยภาพ ด้าน.....................', 'กลุ่มเป้าหมายที่ได้รับการพัฒนาศักยภาพเฉพาะด้าน'),
(4, 1, '1.3', 'กลุ่มเป้าหมาย จำนวน.........คน มีสมรรถนะ ด้าน.....................', 'กลุ่มเป้าหมายที่ได้รับการพัฒนาสมรรถนะเฉพาะด้าน'),
(5, 1, '2', 'กลุ่มเป้าหมายมีทักษะอาชีพและเกิดกลุ่มอาชีพ/อาชีพเสริมจำนวน……....กลุ่ม คือ............', 'กลุ่มเป้าหมายที่มีทักษะอาชีพและสามารถรวมตัวเป็นกลุ่มอาชีพหรืออาชีพเสริม'),
(6, 3, '1', 'ผลิตภัณฑ์ใหม่ จำนวน...................ผลิตภัณฑ์ ได้แก่.......................', 'ผลิตภัณฑ์ใหม่ที่มีการพัฒนาบรรจุภัณฑ์และโลโก้แบรนด์'),
(7, 3, '2', 'ผลิตภัณฑ์แปรรูปจาก............... จำนวน...................ผลิตภัณฑ์ ได้แก่.......................', 'ผลิตภัณฑ์แปรรูปที่มีการพัฒนาบรรจุภัณฑ์และโลโก้แบรนด์'),
(8, 3, '3', 'ผลิตภัณฑ์สร้างสรรค์ จำนวน...................ผลิตภัณฑ์ ได้แก่.......................', 'ผลิตภัณฑ์สร้างสรรค์ที่มีการพัฒนาบรรจุภัณฑ์และโลโก้แบรนด์'),
(9, 4, '1', 'ผลิตภัณฑ์ใหม่ได้มาตรฐาน...........จำนวน.......ผลิตภัณฑ์ (อย. , green product, มผช. ฯลฯ)', 'ผลิตภัณฑ์ใหม่ที่ได้รับการรับรองมาตรฐานต่างๆ เช่น อย. green product มผช. เป็นต้น'),
(10, 4, '2', 'ผลิตภัณฑ์แปรรูปได้มาตรฐาน...........จำนวน.......ผลิตภัณฑ์ (อย. , green product, มผช. ฯลฯ)', 'ผลิตภัณฑ์แปรรูปที่ได้รับการรับรองมาตรฐานต่างๆ เช่น อย. green product มผช. เป็นต้น'),
(11, 4, '3', 'ผลิตภัณฑ์สร้างสรรค์ได้มาตรฐาน...........จำนวน.......ผลิตภัณฑ์ (อย. , green product, มผช. ฯลฯ)', 'ผลิตภัณฑ์สร้างสรรค์ที่ได้รับการรับรองมาตรฐานต่างๆ เช่น อย. green product มผช. เป็นต้น'),
(12, 5, '1', 'ผลิตภัณฑ์ใหม่ได้รับการจดทะเบียนทรัพย์สินทางปัญญา ประเภท (ลิขสิทธิ์, สิทธิบัตร, อนุสิทธิบัตร) จำนวน........ผลิตภัณฑ์', 'ผลิตภัณฑ์ใหม่ที่ได้รับการจดทะเบียนทรัพย์สินทางปัญญาในรูปแบบต่างๆ'),
(13, 5, '2', 'ผลิตภัณฑ์แปรรูปได้รับการจดทะเบียนทรัพย์สินทางปัญญา ประเภท (ลิขสิทธิ์, สิทธิบัตร, อนุสิทธิบัตร) จำนวน........ผลิตภัณฑ์', 'ผลิตภัณฑ์แปรรูปที่ได้รับการจดทะเบียนทรัพย์สินทางปัญญาในรูปแบบต่างๆ'),
(14, 5, '3', 'ผลิตภัณฑ์สร้างสรรค์ได้รับการจดทะเบียนทรัพย์สินทางปัญญา ประเภท (ลิขสิทธิ์, สิทธิบัตร, อนุสิทธิบัตร) จำนวน........ผลิตภัณฑ์', 'ผลิตภัณฑ์สร้างสรรค์ที่ได้รับการจดทะเบียนทรัพย์สินทางปัญญาในรูปแบบต่างๆ'),
(15, 7, '1', 'ที่พัก จำนวน.......แห่ง ได้รับการพัฒนา......(อย่างไร)..........', 'ที่พักโฮมสเตย์ที่ได้รับการพัฒนาและปรับปรุงในด้านต่างๆ'),
(16, 7, '2', 'ที่พัก จำนวน.......แห่ง ได้รับมาตรฐาน...................', 'ที่พักโฮมสเตย์ที่ได้รับการรับรองมาตรฐานต่างๆ'),
(17, 8, '1', 'มีกิจกรรมการท่องเที่ยวใหม่ (กิจกรรมการท่องเที่ยวที่ได้รับการพัฒนา) จำนวน...........กิจกรรม', 'กิจกรรมการท่องเที่ยวใหม่ที่ได้รับการพัฒนาและออกแบบให้น่าสนใจ'),
(18, 9, '1', 'มีเส้นทางการท่องเที่ยวใหม่ (เส้นทางการท่องเที่ยวที่ได้รับการพัฒนา) จำนวน...........เส้นทาง', 'เส้นทางการท่องเที่ยวและแผนที่ท่องเที่ยวใหม่ที่ได้รับการพัฒนาและออกแบบ'),
(19, 10, '1', 'หลักสูตรใหม่ จำนวน............หลักสูตร ได้แก่...................', 'หลักสูตรใหม่ที่จัดทำขึ้นเพื่อตอบสนองความต้องการในด้านต่างๆ'),
(20, 10, '2', 'หลักสูตรได้รับการพัฒนา จำนวน............หลักสูตร ได้แก่...................', 'หลักสูตรเดิมที่ได้รับการปรับปรุงและพัฒนาให้ดีขึ้น'),
(21, 10, '3', 'โปรแกรมสำเร็จรูป จำนวน......โปรแกรม ได้แก่...........................', 'โปรแกรมสำเร็จรูปที่พร้อมใช้งานในรูปแบบต่างๆ'),
(22, 10, '4', 'Application จำนวน......แอพลิเคชั่น ได้แก่............................', 'แอพลิเคชั่นหรือซอฟต์แวร์ประยุกต์ที่พัฒนาขึ้น'),
(23, 11, '1', 'ช่องทางการตลาดออฟไลน์ใหม่ จำนวน.........ช่องทาง ได้แก่................................', 'ช่องทางการตลาดและจัดจำหน่ายในรูปแบบออฟไลน์ที่พัฒนาขึ้นใหม่'),
(24, 11, '2', 'ช่องทางการตลาดออนไลน์ใหม่ จำนวน.........ช่องทาง ได้แก่................................', 'ช่องทางการตลาดและจัดจำหน่ายในรูปแบบออนไลน์ที่พัฒนาขึ้นใหม่'),
(25, 11, '3', 'การจัดงานแสดงผลิตภัณฑ์/ผลงาน จำนวน........ครั้ง', 'งานแสดงสินค้าและผลงานเพื่อการตลาดและประชาสัมพันธ์'),
(26, 11, '4', 'สื่อด้านการตลาดออนไลน์ จำนวน.......สื่อ ได้แก่.............(VTR ช่องทาง Social ต่างๆ )....', 'สื่อการตลาดในรูปแบบออนไลน์ เช่น วีดีโอ โซเชียลมีเดีย และช่องทางดิจิทัลต่างๆ'),
(27, 11, '5', 'สื่อด้านการตลาด (สื่อออนไลน์/ออฟไลน์) จำนวน.......สื่อ ได้แก่.............(คลิป แผ่นป้าย โบวชัวร์ โฆษณา ประชาสัมพันธ์)....', 'สื่อการตลาดรูปแบบผสมผสานระหว่างออนไลน์และออฟไลน์ เช่น คลิปวีดีโอ สื่อสิ่งพิมพ์ และสื่อโฆษณาต่างๆ'),
(28, 12, '1', 'พัฒนาแหล่งเรียนรู้หรือสร้างศูนย์เรียนรู้ จำนวน......แห่ง ได้แก่.............', 'แหล่งเรียนรู้และศูนย์เรียนรู้ที่ได้รับการพัฒนาหรือสร้างขึ้นใหม่เพื่อการเรียนรู้และถ่ายทอดความรู้'),
(29, 13, '1', 'เกิดกลุ่มวิสาหกิจชุมชนจำนวน….....กลุ่ม ได้แก่...........', 'กลุ่มวิสาหกิจชุมชนที่เกิดขึ้นใหม่และสามารถดำเนินการได้อย่างยั่งยืน'),
(30, 14, '1', 'มี....(ระบบ อุปกรณ์ เครื่องจักร เครื่องใช้ เทคโนโลยี โรงเรือน สถานที่).....สำหรับ......กิจกรรมอะไร.... จำนวน.......ระบบ/เครื่อง/แห่ง', 'ระบบ อุปกรณ์ เครื่องจักร เครื่องใช้ เทคโนโลยี โรงเรือน หรือสถานที่ใหม่ที่สร้างขึ้นเพื่อสนับสนุนกระบวนการผลิต'),
(31, 14, '2', '(ระบบ อุปกรณ์ เครื่องจักร เครื่องใช้ เทคโนโลยี โรงเรือน สถานที่)..... สำหรับ.....กิจกรรมอะไร.... จำนวน.......ระบบ/เครื่อง/แห่ง ได้รับการพัฒนา', 'ระบบ อุปกรณ์ เครื่องจักร เครื่องใช้ เทคโนโลยี โรงเรือน หรือสถานที่เดิมที่ได้รับการพัฒนาและปรับปรุงให้ดีขึ้น'),
(32, 15, '1', 'นวัตกรรมใหม่หรือพัฒนากรรมที่พัฒนา จำนวน.......นวัตกรรม ได้แก่.................', 'นวัตกรรมใหม่และนวัตกรรมที่ได้รับการพัฒนาปรับปรุง'),
(33, 15, '2', 'นวัตกรรมใหม่หรือนวัตกรรมที่พัฒนา จำนวน.....นวัตกรรม ได้รับรางวัล............', 'นวัตกรรมที่ได้รับการยอมรับและได้รับรางวัลต่างๆ'),
(34, 15, '3', 'นวัตกรรมใหม่หรือพัฒนากรรมที่พัฒนา จำนวน.......นวัตกรรม ได้รับการจดทรัพย์สินทางปัญญาประเภท.......... (สิทธิบัตร อนุสิทธิบัตร ลิขสิทธิ์).......', 'นวัตกรรมที่ได้รับการจดทะเบียนทรัพย์สินทางปัญญา'),
(35, 16, '1', 'มีเครือข่าย...... ( เช่น เครือข่ายกลุ่มอาชีพ สถานประกอบการ โรงเรียน).....จำนวน........เครือข่าย', 'เครือข่ายความร่วมมือในด้านต่างๆ เช่น กลุ่มอาชีพ สถานประกอบการ และสถาบันการศึกษา'),
(36, 16, '2', 'มี MOU กับหน่วยงานในด้านต่างๆ  จำนวน........MOU', 'บันทึกข้อตกลงความร่วมมือกับหน่วยงานต่างๆ'),
(37, 16, '3', 'มีคู่ค้าจากการจับคู่ทางการค้า จำนวน.......คู่ ได้แก่....................', 'คู่ค้าที่เกิดจากการจับคู่และสร้างความร่วมมือทางการค้า'),
(38, 18, '1', 'กลุ่มเป้าหมายจำนวน......คน มีความรู้/เข้าใจเกี่ยวกับความสุข', 'กลุ่มเป้าหมายที่ได้รับการอบรมและมีความรู้ความเข้าใจเกี่ยวกับความสุข'),
(39, 19, '1', 'กลุ่มเป้าหมายจำนวน......คน มีความรู้/เข้าใจเกี่ยวกับการสร้างความรักความสามัคคีในชุมชน', 'กลุ่มเป้าหมายที่ได้รับการอบรมเกี่ยวกับการสร้างความรักความสามัคคีในชุมชน'),
(40, 20, '1', 'กลุ่มเป้าหมายจำนวน......คน ได้รับการพัฒนาคุณธรรมจริยธรรม', 'กลุ่มเป้าหมายที่ได้รับการพัฒนาและเสริมสร้างคุณธรรมจริยธรรม'),
(41, 21, '1', 'กลุ่มเป้าหมายจำนวน......คน ได้รับการพัฒนาสุขภาพเกี่ยวกับ..(สุขภาพด้านใด)...', 'กลุ่มเป้าหมายที่ได้รับการพัฒนาสุขภาพในด้านต่างๆ'),
(42, 22, '1', 'กลุ่มเป้าหมายจำนวน......คน ได้รับการพัฒนาด้านสิ่งแวดล้อมเกี่ยวกับ..(เรื่องอะไร)...', 'กลุ่มเป้าหมายที่ได้รับการพัฒนาและสร้างจิตสำนึกด้านสิ่งแวดล้อม');

-- --------------------------------------------------------

--
-- Table structure for table `projects`
--

CREATE TABLE `projects` (
  `id` int(11) NOT NULL,
  `project_code` varchar(50) NOT NULL COMMENT 'รหัสโครงการ',
  `name` varchar(500) NOT NULL COMMENT 'ชื่อโครงการ',
  `description` text DEFAULT NULL COMMENT 'รายละเอียดโครงการ',
  `objective` text DEFAULT NULL COMMENT 'วัตถุประสงค์โครงการ',
  `start_date` date DEFAULT NULL COMMENT 'วันที่เริ่มโครงการ',
  `end_date` date DEFAULT NULL COMMENT 'วันที่สิ้นสุดโครงการ',
  `budget` decimal(15,2) DEFAULT NULL COMMENT 'งบประมาณ',
  `organization` varchar(300) DEFAULT NULL COMMENT 'หน่วยงาน/องค์กร',
  `project_manager` varchar(200) DEFAULT NULL COMMENT 'ผู้จัดการโครงการ',
  `status` enum('incompleted','completed') DEFAULT 'incompleted' COMMENT 'สถานะโครงการ',
  `created_by` varchar(100) DEFAULT NULL COMMENT 'ผู้สร้าง',
  `created_at` timestamp NOT NULL DEFAULT current_timestamp(),
  `updated_at` timestamp NOT NULL DEFAULT current_timestamp() ON UPDATE current_timestamp()
) ENGINE=InnoDB DEFAULT CHARSET=utf8mb4 COLLATE=utf8mb4_unicode_ci COMMENT='ตารางเก็บข้อมูลโครงการ';

--
-- Dumping data for table `projects`
--

INSERT INTO `projects` (`id`, `project_code`, `name`, `description`, `objective`, `start_date`, `end_date`, `budget`, `organization`, `project_manager`, `status`, `created_by`, `created_at`, `updated_at`) VALUES
(3, '681234567', 'การพัฒนานวัตกรการศึกษาด้วย Mobile Application: เสริมสร้างทักษะการสร้างแอปพลิเคชันการเรียนรู้ด้วย React Native สำหรับครูและบุคลากรทางการศึกษา', NULL, NULL, NULL, NULL, 70000.00, 'คณะวิทยาศาสตร์และเทคโนโลยี', 'สังสรรค์ หล้าพันธ์', 'incompleted', '3', '2025-07-31 13:14:49', '2025-07-31 13:43:40'),
(4, '681234568', 'โครงการพัฒนาศูนย์การเรียนรู้ด้านพลังงานเพื่อการพัฒนาการบริหารจัดการทรัพยากรชุมชนอย่าง', NULL, NULL, NULL, NULL, 70000.00, 'คณะวิทยาศาสตร์และเทคโนโลยี', 'สังสรรค์ หล้าพันธ์', 'incompleted', '3', '2025-07-31 13:44:42', '2025-07-31 13:44:42'),
(7, '681234569', 'ส่งเสริมการปลูกผักปลอดสารพิษด้วยระบบน้ำพลังงานแสงอาทิตย์และเกษตรอัจฉริยะ', NULL, NULL, NULL, NULL, 72000.00, 'คณะวิทยาศาสตร์และเทคโนโลยี', 'มัลลิกา พุดแดง', 'incompleted', '3', '2025-08-01 14:05:46', '2025-08-01 14:05:46');

--
-- Triggers `projects`
--
DELIMITER $$
CREATE TRIGGER `audit_projects_insert` AFTER INSERT ON `projects` FOR EACH ROW BEGIN
    INSERT INTO audit_logs (table_name, record_id, action, new_values, user_id, timestamp)
    VALUES ('projects', NEW.id, 'INSERT', JSON_OBJECT(
        'project_code', NEW.project_code,
        'name', NEW.name,
        'status', NEW.status,
        'budget', NEW.budget,
        'created_by', NEW.created_by
    ), (SELECT id FROM users WHERE username = NEW.created_by LIMIT 1), NOW());
END
$$
DELIMITER ;
DELIMITER $$
CREATE TRIGGER `audit_projects_update` AFTER UPDATE ON `projects` FOR EACH ROW BEGIN
    IF OLD.name != NEW.name OR OLD.status != NEW.status OR OLD.budget != NEW.budget THEN
        INSERT INTO audit_logs (table_name, record_id, action, old_values, new_values, user_id, timestamp)
        VALUES ('projects', NEW.id, 'UPDATE', 
            JSON_OBJECT('name', OLD.name, 'status', OLD.status, 'budget', OLD.budget),
            JSON_OBJECT('name', NEW.name, 'status', NEW.status, 'budget', NEW.budget),
            (SELECT id FROM users WHERE username = USER() LIMIT 1), NOW());
    END IF;
END
$$
DELIMITER ;

-- --------------------------------------------------------

--
-- Table structure for table `project_activities`
--

CREATE TABLE `project_activities` (
  `id` int(11) NOT NULL,
  `project_id` int(11) NOT NULL COMMENT 'รหัสโครงการ',
  `activity_id` int(11) NOT NULL COMMENT 'รหัสกิจกรรม',
  `created_by` varchar(100) DEFAULT NULL COMMENT 'ผู้สร้าง',
  `created_at` timestamp NOT NULL DEFAULT current_timestamp(),
  `updated_at` timestamp NOT NULL DEFAULT current_timestamp() ON UPDATE current_timestamp()
) ENGINE=InnoDB DEFAULT CHARSET=utf8mb4 COLLATE=utf8mb4_unicode_ci COMMENT='ตารางเก็บการเลือกกิจกรรมของโครงการ';

--
-- Dumping data for table `project_activities`
--

INSERT INTO `project_activities` (`id`, `project_id`, `activity_id`, `created_by`, `created_at`, `updated_at`) VALUES
(42, 3, 1, '3', '2025-08-01 17:27:51', '2025-08-01 17:27:51'),
(43, 4, 7, '3', '2025-08-01 17:37:21', '2025-08-01 17:37:21'),
(45, 7, 1, '3', '2025-08-02 13:06:13', '2025-08-02 13:06:13');

--
-- Triggers `project_activities`
--
DELIMITER $$
CREATE TRIGGER `audit_project_activities_insert` AFTER INSERT ON `project_activities` FOR EACH ROW BEGIN
    INSERT INTO audit_logs (table_name, record_id, action, new_values, user_id, timestamp)
    VALUES ('project_activities', NEW.id, 'INSERT', JSON_OBJECT(
        'project_id', NEW.project_id,
        'activity_id', NEW.activity_id,
        'created_by', NEW.created_by
    ), NULL, NOW());
END
$$
DELIMITER ;

-- --------------------------------------------------------

--
-- Table structure for table `project_outputs`
--

CREATE TABLE `project_outputs` (
  `id` int(11) NOT NULL,
  `project_id` int(11) NOT NULL COMMENT 'รหัสโครงการ',
  `output_id` int(11) NOT NULL COMMENT 'รหัสผลผลิต',
  `output_details` text NOT NULL COMMENT 'รายละเอียดเพิ่มเติมของผลผลิต',
  `created_by` varchar(100) DEFAULT NULL COMMENT 'ผู้สร้าง',
  `created_at` timestamp NOT NULL DEFAULT current_timestamp(),
  `updated_at` timestamp NOT NULL DEFAULT current_timestamp() ON UPDATE current_timestamp()
) ENGINE=InnoDB DEFAULT CHARSET=utf8mb4 COLLATE=utf8mb4_unicode_ci COMMENT='ตารางเก็บการเลือกผลผลิตของโครงการ';

--
-- Dumping data for table `project_outputs`
--

INSERT INTO `project_outputs` (`id`, `project_id`, `output_id`, `output_details`, `created_by`, `created_at`, `updated_at`) VALUES
(2, 3, 2, 'กลุ่มเป้าหมาย จำนวน....3.....คน มีความรู้ ความเข้าใจ และทักษะ เกี่ยวกับ........iot.............', '3', '2025-08-01 17:28:13', '2025-08-01 17:28:13'),
(3, 4, 15, 'ที่พัก จำนวน.......แห่ง ได้รับการพัฒนา......(อย่างไร)..........', '3', '2025-08-01 17:37:49', '2025-08-01 17:37:49'),
(4, 7, 2, 'กลุ่มเป้าหมาย จำนวน 30 คน มีความรู้ ความเข้าใจ และทักษะ เกี่ยวกับ IoT', '3', '2025-08-02 13:07:06', '2025-08-02 13:07:06');

--
-- Triggers `project_outputs`
--
DELIMITER $$
CREATE TRIGGER `audit_project_outputs_insert` AFTER INSERT ON `project_outputs` FOR EACH ROW BEGIN
    INSERT INTO audit_logs (table_name, record_id, action, new_values, user_id, timestamp)
    VALUES ('project_outputs', NEW.id, 'INSERT', JSON_OBJECT(
        'project_id', NEW.project_id,
        'output_id', NEW.output_id,
        'created_by', NEW.created_by
    ), NULL, NOW());
END
$$
DELIMITER ;

-- --------------------------------------------------------

--
-- Table structure for table `project_strategies`
--

CREATE TABLE `project_strategies` (
  `id` int(11) NOT NULL,
  `project_id` int(11) NOT NULL COMMENT 'รหัสโครงการ',
  `strategy_id` int(11) NOT NULL COMMENT 'รหัสยุทธศาสตร์',
  `created_by` varchar(100) DEFAULT NULL COMMENT 'ผู้สร้าง',
  `created_at` timestamp NOT NULL DEFAULT current_timestamp(),
  `updated_at` timestamp NOT NULL DEFAULT current_timestamp() ON UPDATE current_timestamp()
) ENGINE=InnoDB DEFAULT CHARSET=utf8mb4 COLLATE=utf8mb4_unicode_ci COMMENT='ตารางเก็บการเลือกยุทธศาสตร์ของโครงการ';

--
-- Dumping data for table `project_strategies`
--

INSERT INTO `project_strategies` (`id`, `project_id`, `strategy_id`, `created_by`, `created_at`, `updated_at`) VALUES
(7, 3, 1, '3', '2025-08-01 17:27:26', '2025-08-01 17:27:26'),
(8, 4, 1, '3', '2025-08-01 17:37:11', '2025-08-01 17:37:11'),
(10, 7, 1, '3', '2025-08-02 13:06:01', '2025-08-02 13:06:01');

--
-- Triggers `project_strategies`
--
DELIMITER $$
CREATE TRIGGER `audit_project_strategies_insert` AFTER INSERT ON `project_strategies` FOR EACH ROW BEGIN
    INSERT INTO audit_logs (table_name, record_id, action, new_values, user_id, timestamp)
    VALUES ('project_strategies', NEW.id, 'INSERT', JSON_OBJECT(
        'project_id', NEW.project_id,
        'strategy_id', NEW.strategy_id,
        'created_by', NEW.created_by
    ), NULL, NOW());
END
$$
DELIMITER ;

-- --------------------------------------------------------

--
-- Table structure for table `strategies`
--

CREATE TABLE `strategies` (
  `strategy_id` int(11) NOT NULL,
  `strategy_code` varchar(50) NOT NULL,
  `strategy_name` varchar(255) NOT NULL,
  `description` text DEFAULT NULL,
  `created_at` timestamp NOT NULL DEFAULT current_timestamp()
) ENGINE=InnoDB DEFAULT CHARSET=utf8mb4 COLLATE=utf8mb4_general_ci;

--
-- Dumping data for table `strategies`
--

INSERT INTO `strategies` (`strategy_id`, `strategy_code`, `strategy_name`, `description`, `created_at`) VALUES
(1, 'ยุทธศาสตร์ที่ 1', 'พัฒนาท้องถิ่น', 'ยุทธศาสตร์การพัฒนาท้องถิ่นแบบบูรณาการ', '2025-08-01 03:58:14'),
(2, 'ยุทธศาสตร์ที่ 2', 'ผลิตและพัฒนาครู', 'พัฒนาครูและบุคลากรทางการศึกษา', '2025-08-01 03:58:14');

-- --------------------------------------------------------

--
-- Table structure for table `system_logs`
--

CREATE TABLE `system_logs` (
  `id` int(11) NOT NULL,
  `log_level` enum('DEBUG','INFO','WARNING','ERROR','CRITICAL') DEFAULT 'INFO' COMMENT 'ระดับ log',
  `module` varchar(100) DEFAULT NULL COMMENT 'โมดูลที่เกิดเหตุการณ์',
  `message` text NOT NULL COMMENT 'ข้อความ',
  `context` longtext CHARACTER SET utf8mb4 COLLATE utf8mb4_bin DEFAULT NULL COMMENT 'ข้อมูลบริบท' CHECK (json_valid(`context`)),
  `user_id` int(11) DEFAULT NULL COMMENT 'ผู้ใช้ที่เกี่ยวข้อง',
  `project_id` int(11) DEFAULT NULL COMMENT 'โครงการที่เกี่ยวข้อง',
  `ip_address` varchar(45) DEFAULT NULL,
  `timestamp` timestamp NOT NULL DEFAULT current_timestamp()
) ENGINE=InnoDB DEFAULT CHARSET=utf8mb4 COLLATE=utf8mb4_unicode_ci COMMENT='ตารางบันทึกระบบ';

--
-- Dumping data for table `system_logs`
--

INSERT INTO `system_logs` (`id`, `log_level`, `module`, `message`, `context`, `user_id`, `project_id`, `ip_address`, `timestamp`) VALUES
(1, 'INFO', 'DATABASE', 'SROI Database created successfully', '{\"version\": \"1.0\", \"created_at\": \"2025-07-30 16:15:16\", \"tables_count\": 15}', NULL, NULL, NULL, '2025-07-30 09:15:16'),
(2, 'INFO', 'PROJECT', 'สร้างโครงการใหม่: การพัฒนานวัตกรการศึกษาด้วย Mobile Application: เสริมสร้างทักษะการสร้างแอปพลิเคชันการเรียนรู้ด้วย React Native สำหรับครูและบุคลากรทางการศึกษา (รหัส: ุ681234567)', NULL, 3, 3, NULL, '2025-07-31 13:14:49'),
(3, 'INFO', 'PROJECT', 'สร้างโครงการใหม่: โครงการพัฒนาศูนย์การเรียนรู้ด้านพลังงานเพื่อการพัฒนาการบริหารจัดการทรัพยากรชุมชนอย่าง (รหัส: 681234568)', NULL, 3, 4, NULL, '2025-07-31 13:44:42'),
(4, 'INFO', 'PROJECT', 'สร้างโครงการใหม่: ส่งเสริมการปลูกผักปลอดสารพิษด้วยระบบน้ำพลังงานแสงอาทิตย์และเกษตรอัจฉริยะ (รหัส: 681234569)', NULL, 3, 7, NULL, '2025-08-01 14:05:46');

-- --------------------------------------------------------

--
-- Table structure for table `users`
--

CREATE TABLE `users` (
  `id` int(11) NOT NULL,
  `username` varchar(100) NOT NULL COMMENT 'ชื่อผู้ใช้',
  `email` varchar(200) NOT NULL COMMENT 'อีเมล',
  `password_hash` varchar(255) NOT NULL COMMENT 'รหัสผ่านที่เข้ารหัส',
  `first_name` varchar(100) DEFAULT NULL COMMENT 'ชื่อ',
  `last_name` varchar(100) DEFAULT NULL COMMENT 'นามสกุล',
  `full_name_th` varchar(200) DEFAULT NULL COMMENT 'ชื่อ-นามสกุล ภาษาไทย',
  `title` varchar(50) DEFAULT NULL COMMENT 'คำนำหน้า',
  `position` varchar(200) DEFAULT NULL COMMENT 'ตำแหน่ง',
  `department` varchar(200) DEFAULT NULL COMMENT 'แผนก/หน่วยงาน',
  `organization` varchar(300) DEFAULT NULL COMMENT 'องค์กร',
  `phone` varchar(20) DEFAULT NULL COMMENT 'เบอร์โทรศัพท์',
  `role` enum('admin','teacher') NOT NULL DEFAULT 'teacher' COMMENT 'บทบาทผู้ใช้',
  `is_active` tinyint(1) DEFAULT 1 COMMENT 'สถานะการใช้งาน',
  `email_verified` tinyint(1) DEFAULT 0 COMMENT 'ยืนยันอีเมลแล้ว',
  `last_login` timestamp NULL DEFAULT NULL COMMENT 'เข้าสู่ระบบครั้งล่าสุด',
  `login_count` int(11) DEFAULT 0 COMMENT 'จำนวนครั้งที่เข้าสู่ระบบ',
  `created_at` timestamp NOT NULL DEFAULT current_timestamp(),
  `updated_at` timestamp NOT NULL DEFAULT current_timestamp() ON UPDATE current_timestamp(),
  `created_by` varchar(100) DEFAULT NULL COMMENT 'ผู้สร้างบัญชี'
) ENGINE=InnoDB DEFAULT CHARSET=utf8mb4 COLLATE=utf8mb4_unicode_ci COMMENT='ตารางเก็บข้อมูลผู้ใช้งาน';

--
-- Dumping data for table `users`
--

INSERT INTO `users` (`id`, `username`, `email`, `password_hash`, `first_name`, `last_name`, `full_name_th`, `title`, `position`, `department`, `organization`, `phone`, `role`, `is_active`, `email_verified`, `last_login`, `login_count`, `created_at`, `updated_at`, `created_by`) VALUES
(3, 'sunksun.lap', 'sunksun.lap@lru.ac.th', '$2y$10$8uas62T9NwlsSlIYJmU15.svZQYZcnz9jYc6PmocsJsPMm5.NndPm', NULL, NULL, 'นายสังสรรค์ หล้าพันธ์', NULL, NULL, 'คณะวิทยาศาสตร์และเทคโนโลยี', NULL, NULL, 'teacher', 1, 0, NULL, 0, '2025-07-30 16:33:27', '2025-07-30 16:33:27', NULL);

--
-- Indexes for dumped tables
--

--
-- Indexes for table `activities`
--
ALTER TABLE `activities`
  ADD PRIMARY KEY (`activity_id`),
  ADD KEY `strategy_id` (`strategy_id`);

--
-- Indexes for table `audit_logs`
--
ALTER TABLE `audit_logs`
  ADD PRIMARY KEY (`id`),
  ADD KEY `idx_table_record` (`table_name`,`record_id`),
  ADD KEY `idx_user_action` (`user_id`,`action`),
  ADD KEY `idx_timestamp` (`timestamp`),
  ADD KEY `idx_action` (`action`);

--
-- Indexes for table `outcomes`
--
ALTER TABLE `outcomes`
  ADD PRIMARY KEY (`outcome_id`),
  ADD KEY `idx_output_id` (`output_id`);

--
-- Indexes for table `outputs`
--
ALTER TABLE `outputs`
  ADD PRIMARY KEY (`output_id`),
  ADD KEY `activity_id` (`activity_id`);

--
-- Indexes for table `projects`
--
ALTER TABLE `projects`
  ADD PRIMARY KEY (`id`),
  ADD UNIQUE KEY `project_code` (`project_code`),
  ADD KEY `idx_project_code` (`project_code`),
  ADD KEY `idx_status` (`status`),
  ADD KEY `idx_date_range` (`start_date`,`end_date`),
  ADD KEY `idx_organization` (`organization`),
  ADD KEY `idx_project_status_date` (`status`,`start_date`,`end_date`);

--
-- Indexes for table `project_activities`
--
ALTER TABLE `project_activities`
  ADD PRIMARY KEY (`id`),
  ADD KEY `idx_project_id` (`project_id`),
  ADD KEY `idx_activity_id` (`activity_id`);

--
-- Indexes for table `project_outputs`
--
ALTER TABLE `project_outputs`
  ADD PRIMARY KEY (`id`),
  ADD KEY `idx_project_id` (`project_id`),
  ADD KEY `idx_output_id` (`output_id`);

--
-- Indexes for table `project_strategies`
--
ALTER TABLE `project_strategies`
  ADD PRIMARY KEY (`id`),
  ADD KEY `idx_project_id` (`project_id`),
  ADD KEY `idx_strategy_id` (`strategy_id`);

--
-- Indexes for table `strategies`
--
ALTER TABLE `strategies`
  ADD PRIMARY KEY (`strategy_id`);

--
-- Indexes for table `system_logs`
--
ALTER TABLE `system_logs`
  ADD PRIMARY KEY (`id`),
  ADD KEY `idx_level` (`log_level`),
  ADD KEY `idx_module` (`module`),
  ADD KEY `idx_user` (`user_id`),
  ADD KEY `idx_project` (`project_id`),
  ADD KEY `idx_timestamp` (`timestamp`);

--
-- Indexes for table `users`
--
ALTER TABLE `users`
  ADD PRIMARY KEY (`id`),
  ADD UNIQUE KEY `username` (`username`),
  ADD UNIQUE KEY `email` (`email`),
  ADD KEY `idx_username` (`username`),
  ADD KEY `idx_email` (`email`),
  ADD KEY `idx_role` (`role`),
  ADD KEY `idx_organization` (`organization`),
  ADD KEY `idx_active` (`is_active`);

--
-- AUTO_INCREMENT for dumped tables
--

--
-- AUTO_INCREMENT for table `activities`
--
ALTER TABLE `activities`
  MODIFY `activity_id` int(11) NOT NULL AUTO_INCREMENT, AUTO_INCREMENT=23;

--
-- AUTO_INCREMENT for table `audit_logs`
--
ALTER TABLE `audit_logs`
  MODIFY `id` int(11) NOT NULL AUTO_INCREMENT, AUTO_INCREMENT=68;

--
-- AUTO_INCREMENT for table `outcomes`
--
ALTER TABLE `outcomes`
  MODIFY `outcome_id` int(11) NOT NULL AUTO_INCREMENT, AUTO_INCREMENT=85;

--
-- AUTO_INCREMENT for table `outputs`
--
ALTER TABLE `outputs`
  MODIFY `output_id` int(11) NOT NULL AUTO_INCREMENT, AUTO_INCREMENT=43;

--
-- AUTO_INCREMENT for table `projects`
--
ALTER TABLE `projects`
  MODIFY `id` int(11) NOT NULL AUTO_INCREMENT, AUTO_INCREMENT=8;

--
-- AUTO_INCREMENT for table `project_activities`
--
ALTER TABLE `project_activities`
  MODIFY `id` int(11) NOT NULL AUTO_INCREMENT, AUTO_INCREMENT=46;

--
-- AUTO_INCREMENT for table `project_outputs`
--
ALTER TABLE `project_outputs`
  MODIFY `id` int(11) NOT NULL AUTO_INCREMENT, AUTO_INCREMENT=5;

--
-- AUTO_INCREMENT for table `project_strategies`
--
ALTER TABLE `project_strategies`
  MODIFY `id` int(11) NOT NULL AUTO_INCREMENT, AUTO_INCREMENT=11;

--
-- AUTO_INCREMENT for table `strategies`
--
ALTER TABLE `strategies`
  MODIFY `strategy_id` int(11) NOT NULL AUTO_INCREMENT, AUTO_INCREMENT=3;

--
-- AUTO_INCREMENT for table `system_logs`
--
ALTER TABLE `system_logs`
  MODIFY `id` int(11) NOT NULL AUTO_INCREMENT, AUTO_INCREMENT=5;

--
-- AUTO_INCREMENT for table `users`
--
ALTER TABLE `users`
  MODIFY `id` int(11) NOT NULL AUTO_INCREMENT, AUTO_INCREMENT=4;

--
-- Constraints for dumped tables
--

--
-- Constraints for table `activities`
--
ALTER TABLE `activities`
  ADD CONSTRAINT `activities_ibfk_1` FOREIGN KEY (`strategy_id`) REFERENCES `strategies` (`strategy_id`) ON DELETE CASCADE;

--
-- Constraints for table `outcomes`
--
ALTER TABLE `outcomes`
  ADD CONSTRAINT `outcomes_ibfk_1` FOREIGN KEY (`output_id`) REFERENCES `outputs` (`output_id`) ON DELETE CASCADE;

--
-- Constraints for table `outputs`
--
ALTER TABLE `outputs`
  ADD CONSTRAINT `outputs_ibfk_1` FOREIGN KEY (`activity_id`) REFERENCES `activities` (`activity_id`) ON DELETE CASCADE;

--
-- Constraints for table `project_activities`
--
ALTER TABLE `project_activities`
  ADD CONSTRAINT `project_activities_ibfk_1` FOREIGN KEY (`project_id`) REFERENCES `projects` (`id`) ON DELETE CASCADE,
  ADD CONSTRAINT `project_activities_ibfk_2` FOREIGN KEY (`activity_id`) REFERENCES `activities` (`activity_id`) ON DELETE CASCADE;

--
-- Constraints for table `project_outputs`
--
ALTER TABLE `project_outputs`
  ADD CONSTRAINT `project_outputs_ibfk_1` FOREIGN KEY (`project_id`) REFERENCES `projects` (`id`) ON DELETE CASCADE,
  ADD CONSTRAINT `project_outputs_ibfk_2` FOREIGN KEY (`output_id`) REFERENCES `outputs` (`output_id`) ON DELETE CASCADE;

--
-- Constraints for table `project_strategies`
--
ALTER TABLE `project_strategies`
  ADD CONSTRAINT `project_strategies_ibfk_1` FOREIGN KEY (`project_id`) REFERENCES `projects` (`id`) ON DELETE CASCADE,
  ADD CONSTRAINT `project_strategies_ibfk_2` FOREIGN KEY (`strategy_id`) REFERENCES `strategies` (`strategy_id`) ON DELETE CASCADE;
COMMIT;

/*!40101 SET CHARACTER_SET_CLIENT=@OLD_CHARACTER_SET_CLIENT */;
/*!40101 SET CHARACTER_SET_RESULTS=@OLD_CHARACTER_SET_RESULTS */;
/*!40101 SET COLLATION_CONNECTION=@OLD_COLLATION_CONNECTION */;
