-- phpMyAdmin SQL Dump
-- version 5.2.1
-- https://www.phpmyadmin.net/
--
-- Host: localhost
-- Generation Time: Aug 07, 2025 at 08:24 AM
-- Server version: 10.4.28-MariaDB
-- PHP Version: 8.2.4

SET SQL_MODE = "NO_AUTO_VALUE_ON_ZERO";
START TRANSACTION;
SET time_zone = "+00:00";


/*!40101 SET @OLD_CHARACTER_SET_CLIENT=@@CHARACTER_SET_CLIENT */;
/*!40101 SET @OLD_CHARACTER_SET_RESULTS=@@CHARACTER_SET_RESULTS */;
/*!40101 SET @OLD_COLLATION_CONNECTION=@@COLLATION_CONNECTION */;
/*!40101 SET NAMES utf8mb4 */;

--
-- Database: `sroiv4`
--

-- --------------------------------------------------------

--
-- Table structure for table `activities`
--

CREATE TABLE `activities` (
  `activity_id` int(11) NOT NULL,
  `strategy_id` int(11) NOT NULL,
  `activity_code` varchar(20) NOT NULL,
  `activity_name` varchar(500) NOT NULL,
  `activity_description` text DEFAULT NULL
) ENGINE=InnoDB DEFAULT CHARSET=utf8mb4 COLLATE=utf8mb4_general_ci;

--
-- Dumping data for table `activities`
--

INSERT INTO `activities` (`activity_id`, `strategy_id`, `activity_code`, `activity_name`, `activity_description`) VALUES
(1, 1, '1', 'พัฒนาความรู้/ทักษะ/ศักยภาพ/ทักษะอาชีพ', NULL),
(2, 1, '2', 'ออกแบบ/พัฒนา/เพิ่มมูลค่าผลิตภัณฑ์', NULL),
(3, 1, '2.1', 'แปรรูปผลิตภัณฑ์/พัฒนาผลิตภัณฑ์ใหม่/ผลิตภัณฑ์สร้างสรรค์ (พัฒนาบรรจุภัณฑ์ โลโก้แบรนด์)', NULL),
(4, 1, '2.2', 'พัฒนามาตรฐานผลิตภัณฑ์', NULL),
(5, 1, '2.3', 'ผลิตภัณฑ์ได้รับการจดทะเบียนทรัพย์สินทางปัญญา', NULL),
(6, 1, '3', 'พัฒนาศักยภาพการท่องเที่ยว', NULL),
(7, 1, '3.1', 'พัฒนาที่พัก (โฮมสเตย์)', NULL),
(8, 1, '3.2', 'พัฒนากิจกรรมการท่องเที่ยว', NULL),
(9, 1, '3.3', 'พัฒนาเส้นทางการท่องเที่ยว/แผนที่ท่องเที่ยว', NULL),
(10, 1, '4', 'จัดทำ/พัฒนาหลักสูตร/โปรแกรมสำเร็จรูปต่างๆ', NULL),
(11, 1, '5', 'พัฒนาตลาดและช่องทางการจัดจำหน่าย', NULL),
(12, 1, '6', 'สร้างหรือพัฒนาแหล่งเรียนรู้หรือศูนย์เรียนรู้', NULL),
(13, 1, '7', 'จัดตั้งกลุ่มวิสาหกิจชุมชน', NULL),
(14, 1, '8', 'พัฒนา/สร้างทุน/กระบวนการผลิต', NULL),
(15, 1, '9', 'พัฒนาหรือสร้างนวัตกรรม', NULL),
(16, 1, '10', 'สร้างและพัฒนาเครือข่าย', NULL),
(17, 1, '11', 'พัฒนาสังคม คุณภาพชีวิต และสิ่งแวดล้อม', NULL),
(18, 1, '11.1', 'อบรม/กิจกรรมเกี่ยวกับความสุข', NULL),
(19, 1, '11.2', 'อบรม/กิจกรรมเกี่ยวกับความรัก ความสามัคคีในชุมชน', NULL),
(20, 1, '11.3', 'อบรม/กิจกรรมเกี่ยวกับคุณธรรมจริยธรรม', NULL),
(21, 1, '11.4', 'พัฒนาสุขภาพ', NULL),
(22, 1, '11.5', 'พัฒนาสิ่งแวดล้อม', NULL);

-- --------------------------------------------------------

--
-- Table structure for table `audit_logs`
--

CREATE TABLE `audit_logs` (
  `id` int(11) NOT NULL,
  `table_name` varchar(100) NOT NULL COMMENT 'ชื่อตาราง',
  `record_id` varchar(50) NOT NULL COMMENT 'รหัสระเบียน',
  `action` enum('INSERT','UPDATE','DELETE','SELECT') NOT NULL COMMENT 'การกระทำ',
  `old_values` longtext CHARACTER SET utf8mb4 COLLATE utf8mb4_bin DEFAULT NULL COMMENT 'ค่าเดิม' CHECK (json_valid(`old_values`)),
  `new_values` longtext CHARACTER SET utf8mb4 COLLATE utf8mb4_bin DEFAULT NULL COMMENT 'ค่าใหม่' CHECK (json_valid(`new_values`)),
  `changed_fields` longtext CHARACTER SET utf8mb4 COLLATE utf8mb4_bin DEFAULT NULL COMMENT 'ฟิลด์ที่เปลี่ยนแปลง' CHECK (json_valid(`changed_fields`)),
  `user_id` int(11) DEFAULT NULL COMMENT 'ผู้ดำเนินการ',
  `ip_address` varchar(45) DEFAULT NULL COMMENT 'IP Address',
  `user_agent` text DEFAULT NULL COMMENT 'User Agent',
  `session_id` varchar(100) DEFAULT NULL COMMENT 'Session ID',
  `timestamp` timestamp NOT NULL DEFAULT current_timestamp()
) ENGINE=InnoDB DEFAULT CHARSET=utf8mb4 COLLATE=utf8mb4_unicode_ci COMMENT='ตารางบันทึกการตรวจสอบ';

--
-- Dumping data for table `audit_logs`
--

INSERT INTO `audit_logs` (`id`, `table_name`, `record_id`, `action`, `old_values`, `new_values`, `changed_fields`, `user_id`, `ip_address`, `user_agent`, `session_id`, `timestamp`) VALUES
(1, 'project_strategies', '1', 'INSERT', NULL, '{\"project_id\": 7, \"strategy_id\": 1, \"created_by\": \"3\"}', NULL, NULL, NULL, NULL, NULL, '2025-08-07 03:19:12'),
(2, 'project_activities', '1', 'INSERT', NULL, '{\"project_id\": 7, \"activity_id\": 1, \"created_by\": \"3\"}', NULL, NULL, NULL, NULL, NULL, '2025-08-07 03:19:36'),
(3, 'project_outputs', '1', 'INSERT', NULL, '{\"project_id\": 7, \"output_id\": 1, \"created_by\": \"3\"}', NULL, NULL, NULL, NULL, NULL, '2025-08-07 03:20:50'),
(4, 'project_outputs', '1', 'INSERT', NULL, '{\"project_id\": 7, \"output_id\": 3, \"created_by\": \"3\"}', NULL, NULL, NULL, NULL, NULL, '2025-08-07 03:22:25'),
(5, 'project_strategies', '2', 'INSERT', NULL, '{\"project_id\": 4, \"strategy_id\": 1, \"created_by\": \"3\"}', NULL, NULL, NULL, NULL, NULL, '2025-08-07 04:26:31'),
(6, 'project_activities', '2', 'INSERT', NULL, '{\"project_id\": 4, \"activity_id\": 19, \"created_by\": \"3\"}', NULL, NULL, NULL, NULL, NULL, '2025-08-07 04:26:37'),
(7, 'project_outputs', '2', 'INSERT', NULL, '{\"project_id\": 4, \"output_id\": 39, \"created_by\": \"3\"}', NULL, NULL, NULL, NULL, NULL, '2025-08-07 04:26:46'),
(8, 'project_strategies', '3', 'INSERT', NULL, '{\"project_id\": 3, \"strategy_id\": 1, \"created_by\": \"3\"}', NULL, NULL, NULL, NULL, NULL, '2025-08-07 06:15:47'),
(9, 'project_activities', '3', 'INSERT', NULL, '{\"project_id\": 3, \"activity_id\": 5, \"created_by\": \"3\"}', NULL, NULL, NULL, NULL, NULL, '2025-08-07 06:16:02'),
(10, 'project_outputs', '3', 'INSERT', NULL, '{\"project_id\": 3, \"output_id\": 14, \"created_by\": \"3\"}', NULL, NULL, NULL, NULL, NULL, '2025-08-07 06:16:39');

-- --------------------------------------------------------

--
-- Table structure for table `outcomes`
--

CREATE TABLE `outcomes` (
  `outcome_id` int(11) NOT NULL,
  `output_id` int(11) NOT NULL COMMENT 'รหัสผลผลิตที่เกี่ยวข้อง',
  `outcome_sequence` varchar(10) NOT NULL COMMENT 'ลำดับผลลัพธ์',
  `outcome_description` text NOT NULL COMMENT 'รายละเอียดผลลัพธ์',
  `created_at` timestamp NOT NULL DEFAULT current_timestamp(),
  `updated_at` timestamp NOT NULL DEFAULT current_timestamp() ON UPDATE current_timestamp()
) ENGINE=InnoDB DEFAULT CHARSET=utf8mb4 COLLATE=utf8mb4_unicode_ci COMMENT='ตารางเก็บข้อมูลผลลัพธ์ (Outcomes)';

--
-- Dumping data for table `outcomes`
--

INSERT INTO `outcomes` (`outcome_id`, `output_id`, `outcome_sequence`, `outcome_description`, `created_at`, `updated_at`) VALUES
(1, 2, '1.1.1', 'กลุ่มเป้าหมาย จำนวน..........คน สามารถถ่ายทอดความรู้ เกี่ยวกับ.......................ให้กับ..................จำนวน..........คน (กลุ่ม/ชุมชน)', '2025-08-02 03:57:42', '2025-08-02 03:57:42'),
(2, 2, '1.1.2', 'กลุ่มเป้าหมาย จำนวน..........คน สามารถนำความรู้ ด้าน.......................มา....(ใช้ประโยชน์อย่างไร)....ทำให้สร้างรายได้เพิ่มขึ้น', '2025-08-02 03:57:42', '2025-08-02 03:57:42'),
(3, 2, '1.1.3', 'กลุ่มเป้าหมาย จำนวน..........คน สามารถนำความรู้ ด้าน.......................มา....(ใช้ประโยชน์อย่างไร)....ทำให้ต้นทุนลดลง', '2025-08-02 03:57:42', '2025-08-02 03:57:42'),
(4, 3, '1.2.1', 'กลุ่มเป้าหมาย จำนวน..........คน สามารถถ่ายทอดความรู้ความสามารถที่เกิดจากศักยภาพ ด้าน.......................ให้กับ..................จำนวน..........คน (กลุ่ม/ชุมชน)', '2025-08-02 04:04:42', '2025-08-02 04:04:42'),
(5, 3, '1.2.2', 'กลุ่มเป้าหมาย จำนวน..........คน สามารถนำความรู้ความสามารถที่เกิดจากศักยภาพ ด้าน.......................มา....(ใช้ประโยชน์อย่างไร)....ทำให้สร้างรายได้เพิ่มขึ้น', '2025-08-02 04:04:42', '2025-08-02 04:04:42'),
(6, 3, '1.2.3', 'กลุ่มเป้าหมาย จำนวน..........คน ความรู้ความสามารถที่เกิดจากศักยภาพ ด้าน.......................มา....(ใช้ประโยชน์อย่างไร)....ทำให้ต้นทุนลดลง', '2025-08-02 04:04:42', '2025-08-02 04:04:42'),
(7, 4, '1.3.1', 'กลุ่มเป้าหมาย จำนวน..........คน สามารถถ่ายทอดสมรรถนะ ด้าน.......................ให้กับ..................จำนวน..........คน (กลุ่ม/ชุมชน)', '2025-08-02 04:06:41', '2025-08-02 04:06:41'),
(8, 4, '1.3.2', 'กลุ่มเป้าหมาย จำนวน..........คน สามารถนำสมรรถนะ ด้าน.......................มา....(ใช้ประโยชน์อย่างไร)....ทำให้สร้างรายได้เพิ่มขึ้น', '2025-08-02 04:06:41', '2025-08-02 04:06:41'),
(9, 4, '1.3.3', 'กลุ่มเป้าหมาย จำนวน..........คน สามารถนำสรรถนะ ด้าน.......................มา....(ใช้ประโยชน์อย่างไร)....ทำให้ต้นทุนลดลง', '2025-08-02 04:06:41', '2025-08-02 04:06:41'),
(10, 5, '2.1', 'กลุ่มเป้าหมายมีกลุ่มอาชีพ....(อาชีพอะไร).......ทำให้มีรายได้เพิ่มขึ้น', '2025-08-02 04:14:45', '2025-08-02 04:14:45'),
(11, 6, '1.1', 'รายได้เพิ่มขึ้นจาการขายผลิตภัณฑ์ใหม่ที่มีการพัฒนาบรรจุภัณฑ์ใหม่/โลโก้แบรนด์ใหม่ ได้แก่..........................................', '2025-08-02 04:21:09', '2025-08-02 04:21:09'),
(12, 7, '2.1', 'รายได้เพิ่มขึ้นจาการขายผลิตภัณฑ์แปรรูป (รวมถึงมีการพัฒนาบรรจุภัณฑ์ โลโก้แบรนด์ และอื่นๆ ที่เป็นการเพิ่มมูลค่าผลิตภัณฑ์แปรรูป) ได้แก่...........................................  ', '2025-08-02 04:22:51', '2025-08-02 04:22:51'),
(13, 8, '3.1', 'รายได้เพิ่มขึ้นจากการขายผลิตภัณฑ์สร้างสรรค์ (รวมถึงมีการพัฒนาบรรจุภัณฑ์ โลโก้แบรนด์ และอื่นๆ ที่เป็นการเพิ่มมูลค่าผลิตภัณฑ์แปรรูป) ได้แก่...........................................   ', '2025-08-02 04:24:19', '2025-08-02 04:24:19'),
(14, 9, '1.1', 'รายได้เพิ่มขึ้นจากการขายผลิตภัณฑ์ใหม่ที่ได้รับมาตรฐาน ได้แก่...........................................  ', '2025-08-02 07:13:42', '2025-08-02 07:13:42'),
(15, 10, '2.1', 'รายได้เพิ่มขึ้นจากการขายผลิตภัณฑ์แปรรูปที่ได้รับมาตรฐาน ได้แก่...........................................   ', '2025-08-02 07:15:20', '2025-08-02 07:15:20'),
(16, 11, '3.1', 'รายได้เพิ่มขึ้นจากการขายผลิตภัณฑ์สร้างสรรค์ที่ได้ได้รับมาตรฐาน ได้แก่...........................................    ', '2025-08-02 07:16:24', '2025-08-02 07:16:24'),
(17, 12, '1.1', 'รายได้เพิ่มขึ้นจากการขายผลิตภัณฑ์ใหม่ผลิตภัณฑ์ใหม่ได้การจดทะเบียนทรัพย์สินทางปัญญา ประเภท ลิขสิทธิ์, สิทธิบัตร, อนุสิทธิบัตร) ได้แก่...........................................     ', '2025-08-02 07:22:34', '2025-08-02 07:22:34'),
(18, 13, '2.1', 'รายได้เพิ่มขึ้นจากการขายผลิตภัณฑ์แปรรูปผลิตภัณฑ์ใหม่ได้การจดทะเบียนทรัพย์สินทางปัญญา ประเภท ลิขสิทธิ์, สิทธิบัตร, อนุสิทธิบัตร) ได้แก่...........................................     ', '2025-08-02 07:23:32', '2025-08-02 07:23:32'),
(19, 14, '3.1', 'รายได้เพิ่มขึ้นจากการขายผลิตภัณฑ์ใหม่ผลิตภัณฑ์ใหม่ได้การจดทะเบียนทรัพย์สินทางปัญญา ประเภท ลิขสิทธิ์, สิทธิบัตร, อนุสิทธิบัตร) ได้แก่...........................................     ', '2025-08-02 07:25:02', '2025-08-02 07:25:02'),
(20, 15, '1.1', 'ผู้ประกอบการที่พัก (โฮมสเตย์) เป้าหมาย จำนวน.......ราย มีรายได้เพิ่มขึ้น จากการพัฒนา.....(อย่างไร)..........', '2025-08-02 07:32:34', '2025-08-02 07:32:34'),
(21, 16, '2.1', 'ผู้ประกอบการที่พัก (โฮมสเตย์) เป้าหมาย จำนวน.......ราย มีรายได้เพิ่มขึ้น จากการได้รับมาตรฐาน...................', '2025-08-02 07:33:42', '2025-08-02 07:33:42'),
(22, 17, '1.1', 'รายได้เพิ่มขึ้นจากกิจกรรมการท่องเที่ยว 1. มีกิจกรรมการท่องเที่ยวใหม่ (กิจกรรมการท่องเที่ยวที่ได้รับการพัฒนา) (ระบุรายการกิจกรรมการท่องเที่ยวมีอะไรบ้าง)', '2025-08-02 07:36:15', '2025-08-02 07:36:15'),
(23, 18, '1.1', 'รายได้เพิ่มขึ้นจากการนำเที่ยวเส้นทางนำเที่ยวใหม่ (เส้นทางการท่องเที่ยวที่ได้รับการพัฒนา) จำนวน...........เส้นทาง', '2025-08-02 07:37:46', '2025-08-02 07:37:46'),
(24, 19, '1.1', 'กลุ่มเป้าหมายจำนวน........คน สามารถใช้ประโยชน์จากหลักสูตรในการจัดอบรมพัฒนาทักษะและทำให้เกิดรายได้จากค่าตอบแทนในการจัดอบรมหลักสูตร', '2025-08-02 07:51:48', '2025-08-02 07:51:48'),
(25, 19, '1.2', 'ผู้ใช้ประโยชน์ จำนวน.......คน ได้นำความรู้และทักษะที่ได้รับจากหลักสูตรไป...........(ประกอบอาชีพ/พัฒนาอาชีพ/พัฒนากิจการ/มีความรู้หรือทักษะที่เพิ่มขึ้น) ทำให้มีรายได้เพิ่มขึ้น จาก........(อย่างไร)..........', '2025-08-02 07:51:48', '2025-08-02 07:51:48'),
(26, 19, '1.3', 'ผู้ใช้ประโยชน์ จำนวน.......คน ได้นำความรู้และทักษะที่ได้รับจากหลักสูตรไป...........(ประกอบอาชีพ/พัฒนาอาชีพ/พัฒนากิจการ/มีความรู้หรือทักษะที่เพิ่มขึ้น) ทำให้มีค่าใช้จ่ายหรือต้นทุนลดลงจาก........(อย่างไร)..........', '2025-08-02 07:51:48', '2025-08-02 07:51:48'),
(27, 20, '2.1', 'กลุ่มเป้าหมายจำนวน........คน สามารถใช้ประโยชน์จากหลักสูตรในการจัดอบรมพัฒนาทักษะและทำให้เกิดรายได้จากค่าตอบแทนในการจัดอบรมหลักสูตร', '2025-08-02 07:55:52', '2025-08-02 07:55:52'),
(28, 20, '2.2', 'ผู้ใช้ประโยชน์ จำนวน.......คน ได้นำความรู้และทักษะที่ได้รับจากหลักสูตรไป...........(ประกอบอาชีพ/พัฒนาอาชีพ/พัฒนากิจการ/มีความรู้หรือทักษะที่เพิ่มขึ้น) ทำให้มีรายได้เพิ่มขึ้น จาก........(อย่างไร)..........', '2025-08-02 07:55:52', '2025-08-02 07:55:52'),
(29, 20, '2.3', 'ผู้ใช้ประโยชน์ จำนวน.......คน ได้นำความรู้และทักษะที่ได้รับจากหลักสูตรไป...........(ประกอบอาชีพ/พัฒนาอาชีพ/พัฒนากิจการ/มีความรู้หรือทักษะที่เพิ่มขึ้น) ทำให้มีค่าใช้จ่ายหรือต้นทุนลดลงจาก........(อย่างไร)..........', '2025-08-02 07:55:52', '2025-08-02 07:55:52'),
(30, 21, '3.1', 'รายได้เพิ่มขึ้นจากการนำโปรแกรมสำเร็จรูป................ไปประโยชน์จากทำให้มีรายได้เพิ่มขึ้นจาก....... (อย่างไร........)', '2025-08-02 07:58:34', '2025-08-02 07:58:34'),
(31, 21, '3.2', 'ต้นทุนหรือค่าใช้จ่ายจากการนำโปรแกรมสำเร็จรูป................ไปใช้ประโยชน์จากทำให้ต้นทุนหรือค่าใช้จ่ายลดลง จาก..... (อย่างไร......)', '2025-08-02 07:58:34', '2025-08-02 07:58:34'),
(32, 21, '3.3', 'ประสิทธิภาพเพิ่มขึ้นจากการนำโปรแกรมสำเร็จรูป................ไปใช้ประโยชน์จากทำให้ต้นทุนหรือค่าใช้จ่ายลดลง จาก.. (อย่างไร.......)', '2025-08-02 07:58:34', '2025-08-02 07:58:34'),
(33, 22, '4.1', 'รายได้เพิ่มขึ้นจากการนำ Application................ไปประโยชน์จากทำให้มีรายได้เพิ่มขึ้นจาก....... (อย่างไร........)', '2025-08-02 08:06:22', '2025-08-02 08:06:22'),
(34, 22, '4.2', 'ต้นทุนหรือค่าใช้จ่ายจากการนำApplication................ไปใช้ประโยชน์จากทำให้ต้นทุนหรือค่าใช้จ่ายลดลง จาก..... (อย่างไร......)', '2025-08-02 08:06:22', '2025-08-02 08:06:22'),
(35, 22, '4.3', 'ประสิทธิภาพเพิ่มขึ้นจากการนำApplication................ไปใช้ประโยชน์จากทำให้ต้นทุนหรือค่าใช้จ่ายลดลง จาก.. (อย่างไร.......)', '2025-08-02 08:06:22', '2025-08-02 08:06:22'),
(36, 23, '1.1', 'กลุ่มเป้าหมาย จำนวน......คน(ราย) มียอดขายเพิ่มขึ้น(รายได้)เพิ่มขึ้นจากช่องการตลาดออฟไลน์', '2025-08-02 08:10:26', '2025-08-02 08:10:26'),
(37, 23, '1.2', 'กลุ่มเป้าหมาย จำนวน......คน(ราย) สามารถทำให้ต้นทุน/ค่าใช้จ่ายเกี่ยวกับ..เรื่องอะไร....ลดลงจากการมีช่องการตลาดออฟไลน์ใหม่', '2025-08-02 08:10:26', '2025-08-02 08:10:26'),
(39, 24, '2.1', 'กลุ่มเป้าหมาย จำนวน......คน(ราย) มียอดขายเพิ่มขึ้น(รายได้)เพิ่มขึ้นจากช่องการตลาดออนไลน์', '2025-08-02 08:12:22', '2025-08-02 08:12:22'),
(40, 25, '3.1', 'กลุ่มเป้าหมาย จำนวน......คน(ราย) มียอดขาย(รายได้)เพิ่มขึ้นการจัดงานแสดงผลิตภัณฑ์/ผลงาน', '2025-08-02 08:15:34', '2025-08-02 08:15:34'),
(41, 26, '4.1', 'กลุ่มเป้าหมาย จำนวน......คน(ราย) ยอดขาย(มีรายได้)เพิ่มขึ้นจากสื่อด้านการตลาด (สื่อออนไลน์.....สื่ออะไร.......)', '2025-08-02 08:17:10', '2025-08-02 08:17:10'),
(42, 27, '5.1', 'กลุ่มเป้าหมาย จำนวน......คน(ราย) ยอดขาย(มีรายได้)เพิ่มขึ้นจากสื่อด้านการตลาด (สื่อ ออฟไลน์).....สื่ออะไร.......', '2025-08-02 08:18:55', '2025-08-02 08:18:55'),
(43, 28, '1.1', 'กลุ่ม/ชุมชนเป้าหมายได้เผยแพร่ภูมิปัญญาเกี่ยวกับ.......ทำให้มียอดขายสินค้า/ผลิตภัณฑ์เพิ่มขึ้น', '2025-08-02 08:23:35', '2025-08-02 08:23:35'),
(44, 28, '1.2', 'มีจำนวนผู้เข้าเยี่ยมชมเพิ่มขึ้นกลุ่ม/ชุมชนได้เผยแพร่ภูมิปัญญาเกี่ยวกับ.......ทำให้กลุ่ม/ชุมชนมีรายได้เพิ่มขึ้น', '2025-08-02 08:23:35', '2025-08-02 08:23:35'),
(46, 29, '1.1', 'รายได้เพิ่มขึ้น จาก........อะไร............จากการจัดตั้งกลุ่มวิสาหกิจ', '2025-08-02 08:27:50', '2025-08-02 08:27:50'),
(47, 29, '1.2', 'ต้นทุนลดลง จาก........อะไร............ จากการจัดตั้งกลุ่มวิสาหกิจ', '2025-08-02 08:27:50', '2025-08-02 08:27:50'),
(49, 30, '1.1', 'เมื่อมี....(ระบบ อุปกรณ์ เครื่องจักร เครื่องใช้ เทคโนโลยี โรงเรือน สถานที่).....ทำให้มีผลผลิตเพิ่มขึ้น', '2025-08-02 08:46:17', '2025-08-02 08:46:17'),
(50, 30, '1.2', 'เมื่อมี....(ระบบ อุปกรณ์ เครื่องจักร เครื่องใช้ เทคโนโลยี โรงเรือน สถานที่).....ทำให้ลดต้นทุนเกี่ยวกับ....................', '2025-08-02 08:46:17', '2025-08-02 08:46:17'),
(51, 30, '1.3', 'เมื่อมี....(ระบบ อุปกรณ์ เครื่องจักร เครื่องใช้ เทคโนโลยี โรงเรือน สถานที่).....ทำให้มีรายได้เพิ่มขึ้น', '2025-08-02 08:46:17', '2025-08-02 08:46:17'),
(52, 30, '1.4', 'เมื่อมี....(ระบบ อุปกรณ์ เครื่องจักร เครื่องใช้ เทคโนโลยี โรงเรือน สถานที่).....ทำให้ประสิทธิภาพด้าน...........เพิ่มขึ้น (เช่น เวลาลดลง ใช้แรงงานลดลง ฯลฯ)', '2025-08-02 08:46:17', '2025-08-02 08:46:17'),
(56, 32, '1.1', 'กลุ่มเป้าหมาย จำนวน.........คน รายได้เพิ่มขึ้นจากการนำนวัตกรรมการใช้ประโยชน์ทำให้......(อะไรดีขึ้นอย่างไร).............', '2025-08-02 08:53:40', '2025-08-02 08:53:40'),
(57, 32, '1.2', 'กลุ่มเป้าหมาย จำนวน..........คน ต้นทุนลดลงจากการนำนวัตกรรมการใช้ประโยชน์ทำให้......(อะไรดีขึ้นอย่างไร).............', '2025-08-02 08:53:40', '2025-08-02 08:53:40'),
(58, 32, '1.3', 'มีประสิทธิภาพ...(เช่น ด้านผลผลิต เวลาทำงาน)...เพิ่มขึ้น จากการนำนวัตกรรมการใช้ประโยชน์ทำให้......(อะไรดีขึ้นอย่างไร).............', '2025-08-02 08:53:40', '2025-08-02 08:53:40'),
(59, 33, '2.1', 'นวัตกรรมมีชื่อเสียงและได้รับความน่าเชื่อถือทำให้มีรายได้เพิ่มขึ้นจาก....(ใช้ประโยชน์จากนวัตกรรมอย่างไร).....', '2025-08-02 08:55:14', '2025-08-02 08:55:14'),
(60, 34, '3.1', 'รายได้เพิ่มขึ้นจากการขอใช้สิทธิ์นวัตกรรม', '2025-08-02 08:56:11', '2025-08-02 08:56:11'),
(61, 35, '1.1', 'กลุ่มเป้าหมาย จำนวน..........คน มีรายได้เพิ่มขึ้นจาก...มีอะไรดีขึ้น......จากการมีเครือข่าย...ชื่อเครือข่าย......', '2025-08-02 08:59:24', '2025-08-02 08:59:24'),
(62, 35, '1.2', 'กลุ่มเป้าหมาย จำนวน..........คนมีต้นทุนลดลงนจาก...มีอะไรดีขึ้น......จากการมีเครือข่าย...ชื่อเครือข่าย......', '2025-08-02 08:59:24', '2025-08-02 08:59:24'),
(64, 36, '2.1', 'กลุ่มเป้าหมาย จำนวน..........คน มีรายได้เพิ่มขึ้นจาก...มีอะไรดีขึ้น......จากการมี MOU กับ...ชื่อหน่วยงานที่ทำ MOU......', '2025-08-02 09:01:21', '2025-08-02 09:01:21'),
(65, 36, '2.2', 'กลุ่มเป้าหมาย จำนวน..........คนมีต้นทุนลดลงนจาก...มีอะไรดีขึ้น......จากการมี MOU กับ...ชื่อหน่วยงานที่ทำ MOU......', '2025-08-02 09:01:21', '2025-08-02 09:01:21'),
(67, 37, '3.1', 'กลุ่มเป้าหมาย จำนวน..........คน มีรายได้เพิ่มขึ้นจาก...มีอะไรดีขึ้น......จากการจากการจับคู่ทางการค้า', '2025-08-02 09:02:31', '2025-08-02 09:02:31'),
(68, 37, '3.2', 'กลุ่มเป้าหมาย จำนวน..........คนมีต้นทุนลดลงนจาก...มีอะไรดีขึ้น......จากการจากการจับคู่ทางการค้า', '2025-08-02 09:02:31', '2025-08-02 09:02:31'),
(70, 31, '2.1', 'เมื่อมี....(ระบบ อุปกรณ์ เครื่องจักร เครื่องใช้ เทคโนโลยี โรงเรือน สถานที่).....ทำให้มีผลผลิตเพิ่มขึ้น', '2025-08-02 14:11:28', '2025-08-02 14:11:28'),
(71, 31, '2.2', 'เมื่อมี....(ระบบ อุปกรณ์ เครื่องจักร เครื่องใช้ เทคโนโลยี โรงเรือน สถานที่).....ทำให้ลดต้นทุนเกี่ยวกับ....................', '2025-08-02 14:11:28', '2025-08-02 14:11:28'),
(72, 31, '2.3', 'เมื่อมี....(ระบบ อุปกรณ์ เครื่องจักร เครื่องใช้ เทคโนโลยี โรงเรือน สถานที่).....ทำให้มีรายได้เพิ่มขึ้น', '2025-08-02 14:11:28', '2025-08-02 14:11:28'),
(73, 31, '2.4', 'เมื่อมี....(ระบบ อุปกรณ์ เครื่องจักร เครื่องใช้ เทคโนโลยี โรงเรือน สถานที่).....ทำให้ประสิทธิภาพด้าน...........เพิ่มขึ้น (เช่น เวลาลดลง ใช้แรงงานลดลง ฯลฯ)', '2025-08-02 14:11:28', '2025-08-02 14:11:28'),
(77, 38, '1.1', 'กลุ่มเป้าหมายมีความรู้/เข้าใจเกี่ยวกับความสุขเพิ่มขึ้น และนำมาปรับใช้ทำให้มีความสุขเพิ่มขึ้นจาก....(อะไรเปลี่ยนแปลงดีขึ้น เช่น มีพฤติกรรมบางอย่างด้านลบน้อยลง)......', '2025-08-02 14:32:36', '2025-08-02 14:32:36'),
(78, 39, '1.1', 'กลุ่มเป้าหมายมีความรู้/เข้าใจเกี่ยวกับการสร้างความรักความสามัคคีเพิ่มขึ้น และนำมาปรับใช้ทำให้มีความรักความสามัคคีจาก....(อะไรเปลี่ยนแปลงดีขึ้น เช่น มีพฤติกรรมบางอย่างด้านลบน้อยลง)......', '2025-08-02 14:34:25', '2025-08-02 14:34:25'),
(79, 40, '1.1', 'กลุ่มเป้าหมายมีคุณธรรมจริยธรรมมากขึ้นส่งผลทำให้มีพฤติกรรม..... (เปลี่ยนไปในทางที่ดีขึ้นอย่างไร).....', '2025-08-02 14:35:12', '2025-08-02 14:35:12'),
(80, 41, '1.1', 'กลุ่มเป้าหมายจำนวน......คน สุขภาพเกี่ยวกับ...(สุขภาพด้านใด).......ดีขึ้น ทำให้ค่าใช้จ่ายด้านการักษาสุขภาพลดลง', '2025-08-02 14:36:01', '2025-08-02 14:36:01'),
(81, 41, '1.1', 'กลุ่มเป้าหมายจำนวน......คน มีพฤติกรรมด้านสุขภาพดีขึ้น ทำให้ค่าใช้จ่ายด้านการักษาสุขภาพลดลง', '2025-08-02 14:42:02', '2025-08-02 14:42:02'),
(82, 41, '1.2', 'กลุ่มเป้าหมายจำนวน......คน มีพฤติกรรมด้านสุขภาพดีขึ้น ทำให้ค่าใช้จ่ายด้านการป้องกันสุขภาพลดลง', '2025-08-02 14:42:02', '2025-08-02 14:42:02'),
(84, 42, '1.1', 'กลุ่มเป้าหมายจำนวน......คน ได้รับการพัฒนาสภาพแวดล้อมดีขึ้น จาก....กิจกรรมอะไร เช่น การคัดแยกขยะ การมีอุปกรณ์นวัตกรรมในการเก็บขยะ กิจกรรมการผลิตที่ลดมลพิษ เช่น ควัน การลดการใช้ปุ๋ยเคมี....', '2025-08-02 14:45:56', '2025-08-02 14:45:56');

-- --------------------------------------------------------

--
-- Table structure for table `outputs`
--

CREATE TABLE `outputs` (
  `output_id` int(11) NOT NULL,
  `activity_id` int(11) NOT NULL,
  `output_sequence` varchar(10) DEFAULT NULL,
  `output_description` text NOT NULL,
  `target_details` text DEFAULT NULL
) ENGINE=InnoDB DEFAULT CHARSET=utf8mb4 COLLATE=utf8mb4_general_ci;

--
-- Dumping data for table `outputs`
--

INSERT INTO `outputs` (`output_id`, `activity_id`, `output_sequence`, `output_description`, `target_details`) VALUES
(1, 1, '1', 'กลุ่มเป้าหมาย จำนวน.........คน มีความรู้ ความเข้าใจ และทักษะ/ศักยภาพ/สมรรถนะ เกี่ยวกับ.....................', 'กลุ่มเป้าหมายที่ได้รับการพัฒนาความรู้ ความเข้าใจ และทักษะ ศักยภาพ สมรรถนะในด้านต่างๆ'),
(2, 1, '1.1', 'กลุ่มเป้าหมาย จำนวน.........คน มีความรู้ ความเข้าใจ และทักษะ เกี่ยวกับ.....................', 'กลุ่มเป้าหมายที่ได้รับการพัฒนาความรู้ ความเข้าใจ และทักษะเฉพาะด้าน'),
(3, 1, '1.2', 'กลุ่มเป้าหมาย จำนวน.........คน มีศักยภาพ ด้าน.....................', 'กลุ่มเป้าหมายที่ได้รับการพัฒนาศักยภาพเฉพาะด้าน'),
(4, 1, '1.3', 'กลุ่มเป้าหมาย จำนวน.........คน มีสมรรถนะ ด้าน.....................', 'กลุ่มเป้าหมายที่ได้รับการพัฒนาสมรรถนะเฉพาะด้าน'),
(5, 1, '2', 'กลุ่มเป้าหมายมีทักษะอาชีพและเกิดกลุ่มอาชีพ/อาชีพเสริมจำนวน……....กลุ่ม คือ............', 'กลุ่มเป้าหมายที่มีทักษะอาชีพและสามารถรวมตัวเป็นกลุ่มอาชีพหรืออาชีพเสริม'),
(6, 3, '1', 'ผลิตภัณฑ์ใหม่ จำนวน...................ผลิตภัณฑ์ ได้แก่.......................', 'ผลิตภัณฑ์ใหม่ที่มีการพัฒนาบรรจุภัณฑ์และโลโก้แบรนด์'),
(7, 3, '2', 'ผลิตภัณฑ์แปรรูปจาก............... จำนวน...................ผลิตภัณฑ์ ได้แก่.......................', 'ผลิตภัณฑ์แปรรูปที่มีการพัฒนาบรรจุภัณฑ์และโลโก้แบรนด์'),
(8, 3, '3', 'ผลิตภัณฑ์สร้างสรรค์ จำนวน...................ผลิตภัณฑ์ ได้แก่.......................', 'ผลิตภัณฑ์สร้างสรรค์ที่มีการพัฒนาบรรจุภัณฑ์และโลโก้แบรนด์'),
(9, 4, '1', 'ผลิตภัณฑ์ใหม่ได้มาตรฐาน...........จำนวน.......ผลิตภัณฑ์ (อย. , green product, มผช. ฯลฯ)', 'ผลิตภัณฑ์ใหม่ที่ได้รับการรับรองมาตรฐานต่างๆ เช่น อย. green product มผช. เป็นต้น'),
(10, 4, '2', 'ผลิตภัณฑ์แปรรูปได้มาตรฐาน...........จำนวน.......ผลิตภัณฑ์ (อย. , green product, มผช. ฯลฯ)', 'ผลิตภัณฑ์แปรรูปที่ได้รับการรับรองมาตรฐานต่างๆ เช่น อย. green product มผช. เป็นต้น'),
(11, 4, '3', 'ผลิตภัณฑ์สร้างสรรค์ได้มาตรฐาน...........จำนวน.......ผลิตภัณฑ์ (อย. , green product, มผช. ฯลฯ)', 'ผลิตภัณฑ์สร้างสรรค์ที่ได้รับการรับรองมาตรฐานต่างๆ เช่น อย. green product มผช. เป็นต้น'),
(12, 5, '1', 'ผลิตภัณฑ์ใหม่ได้รับการจดทะเบียนทรัพย์สินทางปัญญา ประเภท (ลิขสิทธิ์, สิทธิบัตร, อนุสิทธิบัตร) จำนวน........ผลิตภัณฑ์', 'ผลิตภัณฑ์ใหม่ที่ได้รับการจดทะเบียนทรัพย์สินทางปัญญาในรูปแบบต่างๆ'),
(13, 5, '2', 'ผลิตภัณฑ์แปรรูปได้รับการจดทะเบียนทรัพย์สินทางปัญญา ประเภท (ลิขสิทธิ์, สิทธิบัตร, อนุสิทธิบัตร) จำนวน........ผลิตภัณฑ์', 'ผลิตภัณฑ์แปรรูปที่ได้รับการจดทะเบียนทรัพย์สินทางปัญญาในรูปแบบต่างๆ'),
(14, 5, '3', 'ผลิตภัณฑ์สร้างสรรค์ได้รับการจดทะเบียนทรัพย์สินทางปัญญา ประเภท (ลิขสิทธิ์, สิทธิบัตร, อนุสิทธิบัตร) จำนวน........ผลิตภัณฑ์', 'ผลิตภัณฑ์สร้างสรรค์ที่ได้รับการจดทะเบียนทรัพย์สินทางปัญญาในรูปแบบต่างๆ'),
(15, 7, '1', 'ที่พัก จำนวน.......แห่ง ได้รับการพัฒนา......(อย่างไร)..........', 'ที่พักโฮมสเตย์ที่ได้รับการพัฒนาและปรับปรุงในด้านต่างๆ'),
(16, 7, '2', 'ที่พัก จำนวน.......แห่ง ได้รับมาตรฐาน...................', 'ที่พักโฮมสเตย์ที่ได้รับการรับรองมาตรฐานต่างๆ'),
(17, 8, '1', 'มีกิจกรรมการท่องเที่ยวใหม่ (กิจกรรมการท่องเที่ยวที่ได้รับการพัฒนา) จำนวน...........กิจกรรม', 'กิจกรรมการท่องเที่ยวใหม่ที่ได้รับการพัฒนาและออกแบบให้น่าสนใจ'),
(18, 9, '1', 'มีเส้นทางการท่องเที่ยวใหม่ (เส้นทางการท่องเที่ยวที่ได้รับการพัฒนา) จำนวน...........เส้นทาง', 'เส้นทางการท่องเที่ยวและแผนที่ท่องเที่ยวใหม่ที่ได้รับการพัฒนาและออกแบบ'),
(19, 10, '1', 'หลักสูตรใหม่ จำนวน............หลักสูตร ได้แก่...................', 'หลักสูตรใหม่ที่จัดทำขึ้นเพื่อตอบสนองความต้องการในด้านต่างๆ'),
(20, 10, '2', 'หลักสูตรได้รับการพัฒนา จำนวน............หลักสูตร ได้แก่...................', 'หลักสูตรเดิมที่ได้รับการปรับปรุงและพัฒนาให้ดีขึ้น'),
(21, 10, '3', 'โปรแกรมสำเร็จรูป จำนวน......โปรแกรม ได้แก่...........................', 'โปรแกรมสำเร็จรูปที่พร้อมใช้งานในรูปแบบต่างๆ'),
(22, 10, '4', 'Application จำนวน......แอพลิเคชั่น ได้แก่............................', 'แอพลิเคชั่นหรือซอฟต์แวร์ประยุกต์ที่พัฒนาขึ้น'),
(23, 11, '1', 'ช่องทางการตลาดออฟไลน์ใหม่ จำนวน.........ช่องทาง ได้แก่................................', 'ช่องทางการตลาดและจัดจำหน่ายในรูปแบบออฟไลน์ที่พัฒนาขึ้นใหม่'),
(24, 11, '2', 'ช่องทางการตลาดออนไลน์ใหม่ จำนวน.........ช่องทาง ได้แก่................................', 'ช่องทางการตลาดและจัดจำหน่ายในรูปแบบออนไลน์ที่พัฒนาขึ้นใหม่'),
(25, 11, '3', 'การจัดงานแสดงผลิตภัณฑ์/ผลงาน จำนวน........ครั้ง', 'งานแสดงสินค้าและผลงานเพื่อการตลาดและประชาสัมพันธ์'),
(26, 11, '4', 'สื่อด้านการตลาดออนไลน์ จำนวน.......สื่อ ได้แก่.............(VTR ช่องทาง Social ต่างๆ )....', 'สื่อการตลาดในรูปแบบออนไลน์ เช่น วีดีโอ โซเชียลมีเดีย และช่องทางดิจิทัลต่างๆ'),
(27, 11, '5', 'สื่อด้านการตลาด (สื่อออนไลน์/ออฟไลน์) จำนวน.......สื่อ ได้แก่.............(คลิป แผ่นป้าย โบวชัวร์ โฆษณา ประชาสัมพันธ์)....', 'สื่อการตลาดรูปแบบผสมผสานระหว่างออนไลน์และออฟไลน์ เช่น คลิปวีดีโอ สื่อสิ่งพิมพ์ และสื่อโฆษณาต่างๆ'),
(28, 12, '1', 'พัฒนาแหล่งเรียนรู้หรือสร้างศูนย์เรียนรู้ จำนวน......แห่ง ได้แก่.............', 'แหล่งเรียนรู้และศูนย์เรียนรู้ที่ได้รับการพัฒนาหรือสร้างขึ้นใหม่เพื่อการเรียนรู้และถ่ายทอดความรู้'),
(29, 13, '1', 'เกิดกลุ่มวิสาหกิจชุมชนจำนวน….....กลุ่ม ได้แก่...........', 'กลุ่มวิสาหกิจชุมชนที่เกิดขึ้นใหม่และสามารถดำเนินการได้อย่างยั่งยืน'),
(30, 14, '1', 'มี....(ระบบ อุปกรณ์ เครื่องจักร เครื่องใช้ เทคโนโลยี โรงเรือน สถานที่).....สำหรับ......กิจกรรมอะไร.... จำนวน.......ระบบ/เครื่อง/แห่ง', 'ระบบ อุปกรณ์ เครื่องจักร เครื่องใช้ เทคโนโลยี โรงเรือน หรือสถานที่ใหม่ที่สร้างขึ้นเพื่อสนับสนุนกระบวนการผลิต'),
(31, 14, '2', '(ระบบ อุปกรณ์ เครื่องจักร เครื่องใช้ เทคโนโลยี โรงเรือน สถานที่)..... สำหรับ.....กิจกรรมอะไร.... จำนวน.......ระบบ/เครื่อง/แห่ง ได้รับการพัฒนา', 'ระบบ อุปกรณ์ เครื่องจักร เครื่องใช้ เทคโนโลยี โรงเรือน หรือสถานที่เดิมที่ได้รับการพัฒนาและปรับปรุงให้ดีขึ้น'),
(32, 15, '1', 'นวัตกรรมใหม่หรือพัฒนากรรมที่พัฒนา จำนวน.......นวัตกรรม ได้แก่.................', 'นวัตกรรมใหม่และนวัตกรรมที่ได้รับการพัฒนาปรับปรุง'),
(33, 15, '2', 'นวัตกรรมใหม่หรือนวัตกรรมที่พัฒนา จำนวน.....นวัตกรรม ได้รับรางวัล............', 'นวัตกรรมที่ได้รับการยอมรับและได้รับรางวัลต่างๆ'),
(34, 15, '3', 'นวัตกรรมใหม่หรือพัฒนากรรมที่พัฒนา จำนวน.......นวัตกรรม ได้รับการจดทรัพย์สินทางปัญญาประเภท.......... (สิทธิบัตร อนุสิทธิบัตร ลิขสิทธิ์).......', 'นวัตกรรมที่ได้รับการจดทะเบียนทรัพย์สินทางปัญญา'),
(35, 16, '1', 'มีเครือข่าย...... ( เช่น เครือข่ายกลุ่มอาชีพ สถานประกอบการ โรงเรียน).....จำนวน........เครือข่าย', 'เครือข่ายความร่วมมือในด้านต่างๆ เช่น กลุ่มอาชีพ สถานประกอบการ และสถาบันการศึกษา'),
(36, 16, '2', 'มี MOU กับหน่วยงานในด้านต่างๆ  จำนวน........MOU', 'บันทึกข้อตกลงความร่วมมือกับหน่วยงานต่างๆ'),
(37, 16, '3', 'มีคู่ค้าจากการจับคู่ทางการค้า จำนวน.......คู่ ได้แก่....................', 'คู่ค้าที่เกิดจากการจับคู่และสร้างความร่วมมือทางการค้า'),
(38, 18, '1', 'กลุ่มเป้าหมายจำนวน......คน มีความรู้/เข้าใจเกี่ยวกับความสุข', 'กลุ่มเป้าหมายที่ได้รับการอบรมและมีความรู้ความเข้าใจเกี่ยวกับความสุข'),
(39, 19, '1', 'กลุ่มเป้าหมายจำนวน......คน มีความรู้/เข้าใจเกี่ยวกับการสร้างความรักความสามัคคีในชุมชน', 'กลุ่มเป้าหมายที่ได้รับการอบรมเกี่ยวกับการสร้างความรักความสามัคคีในชุมชน'),
(40, 20, '1', 'กลุ่มเป้าหมายจำนวน......คน ได้รับการพัฒนาคุณธรรมจริยธรรม', 'กลุ่มเป้าหมายที่ได้รับการพัฒนาและเสริมสร้างคุณธรรมจริยธรรม'),
(41, 21, '1', 'กลุ่มเป้าหมายจำนวน......คน ได้รับการพัฒนาสุขภาพเกี่ยวกับ..(สุขภาพด้านใด)...', 'กลุ่มเป้าหมายที่ได้รับการพัฒนาสุขภาพในด้านต่างๆ'),
(42, 22, '1', 'กลุ่มเป้าหมายจำนวน......คน ได้รับการพัฒนาด้านสิ่งแวดล้อมเกี่ยวกับ..(เรื่องอะไร)...', 'กลุ่มเป้าหมายที่ได้รับการพัฒนาและสร้างจิตสำนึกด้านสิ่งแวดล้อม');

-- --------------------------------------------------------

--
-- Table structure for table `projects`
--

CREATE TABLE `projects` (
  `id` int(11) NOT NULL,
  `project_code` varchar(50) NOT NULL COMMENT 'รหัสโครงการ',
  `name` varchar(500) NOT NULL COMMENT 'ชื่อโครงการ',
  `description` text DEFAULT NULL COMMENT 'รายละเอียดโครงการ',
  `objective` text DEFAULT NULL COMMENT 'วัตถุประสงค์โครงการ',
  `start_date` date DEFAULT NULL COMMENT 'วันที่เริ่มโครงการ',
  `end_date` date DEFAULT NULL COMMENT 'วันที่สิ้นสุดโครงการ',
  `budget` decimal(15,2) DEFAULT NULL COMMENT 'งบประมาณ',
  `organization` varchar(300) DEFAULT NULL COMMENT 'หน่วยงาน/องค์กร',
  `project_manager` varchar(200) DEFAULT NULL COMMENT 'ผู้จัดการโครงการ',
  `status` enum('incompleted','completed') DEFAULT 'incompleted' COMMENT 'สถานะโครงการ',
  `created_by` varchar(100) DEFAULT NULL COMMENT 'ผู้สร้าง',
  `created_at` timestamp NOT NULL DEFAULT current_timestamp(),
  `updated_at` timestamp NOT NULL DEFAULT current_timestamp() ON UPDATE current_timestamp()
) ENGINE=InnoDB DEFAULT CHARSET=utf8mb4 COLLATE=utf8mb4_unicode_ci COMMENT='ตารางเก็บข้อมูลโครงการ';

--
-- Dumping data for table `projects`
--

INSERT INTO `projects` (`id`, `project_code`, `name`, `description`, `objective`, `start_date`, `end_date`, `budget`, `organization`, `project_manager`, `status`, `created_by`, `created_at`, `updated_at`) VALUES
(3, '681234567', 'การพัฒนานวัตกรการศึกษาด้วย Mobile Application: เสริมสร้างทักษะการสร้างแอปพลิเคชันการเรียนรู้ด้วย React Native สำหรับครูและบุคลากรทางการศึกษา', NULL, NULL, NULL, NULL, 70000.00, 'คณะวิทยาศาสตร์และเทคโนโลยี', 'สังสรรค์ หล้าพันธ์', 'incompleted', '3', '2025-07-31 13:14:49', '2025-07-31 13:43:40'),
(4, '681234568', 'โครงการพัฒนาศูนย์การเรียนรู้ด้านพลังงานเพื่อการพัฒนาการบริหารจัดการทรัพยากรชุมชนอย่าง', NULL, NULL, NULL, NULL, 70000.00, 'คณะวิทยาศาสตร์และเทคโนโลยี', 'สังสรรค์ หล้าพันธ์', 'incompleted', '3', '2025-07-31 13:44:42', '2025-07-31 13:44:42'),
(7, '681234569', 'ส่งเสริมการปลูกผักปลอดสารพิษด้วยระบบน้ำพลังงานแสงอาทิตย์และเกษตรอัจฉริยะ', NULL, NULL, NULL, NULL, 72000.00, 'คณะวิทยาศาสตร์และเทคโนโลยี', 'มัลลิกา พุดแดง', 'incompleted', '3', '2025-08-01 14:05:46', '2025-08-01 14:05:46');

--
-- Triggers `projects`
--
DELIMITER $$
CREATE TRIGGER `audit_projects_insert` AFTER INSERT ON `projects` FOR EACH ROW BEGIN
    INSERT INTO audit_logs (table_name, record_id, action, new_values, user_id, timestamp)
    VALUES ('projects', NEW.id, 'INSERT', JSON_OBJECT(
        'project_code', NEW.project_code,
        'name', NEW.name,
        'status', NEW.status,
        'budget', NEW.budget,
        'created_by', NEW.created_by
    ), (SELECT id FROM users WHERE username = NEW.created_by LIMIT 1), NOW());
END
$$
DELIMITER ;
DELIMITER $$
CREATE TRIGGER `audit_projects_update` AFTER UPDATE ON `projects` FOR EACH ROW BEGIN
    IF OLD.name != NEW.name OR OLD.status != NEW.status OR OLD.budget != NEW.budget THEN
        INSERT INTO audit_logs (table_name, record_id, action, old_values, new_values, user_id, timestamp)
        VALUES ('projects', NEW.id, 'UPDATE', 
            JSON_OBJECT('name', OLD.name, 'status', OLD.status, 'budget', OLD.budget),
            JSON_OBJECT('name', NEW.name, 'status', NEW.status, 'budget', NEW.budget),
            (SELECT id FROM users WHERE username = USER() LIMIT 1), NOW());
    END IF;
END
$$
DELIMITER ;

-- --------------------------------------------------------

--
-- Table structure for table `project_activities`
--

CREATE TABLE `project_activities` (
  `id` int(11) NOT NULL,
  `project_id` int(11) NOT NULL COMMENT 'รหัสโครงการ',
  `activity_id` int(11) NOT NULL COMMENT 'รหัสกิจกรรม',
  `created_by` varchar(100) DEFAULT NULL COMMENT 'ผู้สร้าง',
  `created_at` timestamp NOT NULL DEFAULT current_timestamp(),
  `updated_at` timestamp NOT NULL DEFAULT current_timestamp() ON UPDATE current_timestamp()
) ENGINE=InnoDB DEFAULT CHARSET=utf8mb4 COLLATE=utf8mb4_unicode_ci COMMENT='ตารางเก็บการเลือกกิจกรรมของโครงการ';

--
-- Dumping data for table `project_activities`
--

INSERT INTO `project_activities` (`id`, `project_id`, `activity_id`, `created_by`, `created_at`, `updated_at`) VALUES
(1, 7, 1, '3', '2025-08-07 03:19:36', '2025-08-07 03:19:36'),
(2, 4, 19, '3', '2025-08-07 04:26:37', '2025-08-07 04:26:37'),
(3, 3, 5, '3', '2025-08-07 06:16:02', '2025-08-07 06:16:02');

--
-- Triggers `project_activities`
--
DELIMITER $$
CREATE TRIGGER `audit_project_activities_insert` AFTER INSERT ON `project_activities` FOR EACH ROW BEGIN
    INSERT INTO audit_logs (table_name, record_id, action, new_values, user_id, timestamp)
    VALUES ('project_activities', NEW.id, 'INSERT', JSON_OBJECT(
        'project_id', NEW.project_id,
        'activity_id', NEW.activity_id,
        'created_by', NEW.created_by
    ), NULL, NOW());
END
$$
DELIMITER ;

-- --------------------------------------------------------

--
-- Table structure for table `project_impact_ratios`
--

CREATE TABLE `project_impact_ratios` (
  `id` int(11) NOT NULL,
  `project_id` int(11) NOT NULL,
  `benefit_number` int(11) NOT NULL,
  `attribution` decimal(5,2) DEFAULT 0.00,
  `deadweight` decimal(5,2) DEFAULT 0.00,
  `displacement` decimal(5,2) DEFAULT 0.00,
  `impact_ratio` decimal(5,4) DEFAULT 1.0000,
  `created_at` timestamp NOT NULL DEFAULT current_timestamp(),
  `updated_at` timestamp NOT NULL DEFAULT current_timestamp() ON UPDATE current_timestamp(),
  `benefit_detail` text DEFAULT NULL,
  `benefit_note` int(11) NOT NULL
) ENGINE=InnoDB DEFAULT CHARSET=utf8mb4 COLLATE=utf8mb4_general_ci;

--
-- Dumping data for table `project_impact_ratios`
--

INSERT INTO `project_impact_ratios` (`id`, `project_id`, `benefit_number`, `attribution`, `deadweight`, `displacement`, `impact_ratio`, `created_at`, `updated_at`, `benefit_detail`, `benefit_note`) VALUES
(2, 7, 1, 20.00, 10.00, 30.00, 0.4000, '2025-08-07 03:24:35', '2025-08-07 03:24:35', 'รายได้จากการเป็นวิทยากร', 1800),
(4, 4, 1, 20.00, 10.00, 30.00, 0.4000, '2025-08-07 04:27:16', '2025-08-07 04:27:16', 'รายได้จากการเป็นวิทยากร', 3600);

-- --------------------------------------------------------

--
-- Table structure for table `project_outcomes`
--

CREATE TABLE `project_outcomes` (
  `id` int(11) NOT NULL,
  `project_id` int(11) NOT NULL,
  `outcome_id` int(11) NOT NULL,
  `outcome_details` text DEFAULT NULL COMMENT 'รายละเอียดเพิ่มเติมของผลลัพธ์',
  `created_by` int(11) NOT NULL,
  `created_at` timestamp NOT NULL DEFAULT current_timestamp(),
  `updated_at` timestamp NOT NULL DEFAULT current_timestamp() ON UPDATE current_timestamp()
) ENGINE=InnoDB DEFAULT CHARSET=utf8mb4 COLLATE=utf8mb4_general_ci;

--
-- Dumping data for table `project_outcomes`
--

INSERT INTO `project_outcomes` (`id`, `project_id`, `outcome_id`, `outcome_details`, `created_by`, `created_at`, `updated_at`) VALUES
(2, 7, 4, 'กลุ่มเป้าหมาย จำนวน...30.......คน สามารถถ่ายทอดความรู้ความสามารถที่เกิดจากศักยภาพ ด้าน........นวัตกรรม...............ให้กับ.......ชุมชน...........จำนวน.....1....กลุ่ม (กลุ่ม/ชุมชน)', 3, '2025-08-07 03:24:35', '2025-08-07 03:24:35'),
(4, 4, 78, 'กลุ่มเป้าหมายมีความรู้/เข้าใจเกี่ยวกับการสร้างความรักความสามัคคีเพิ่มขึ้น และนำมาปรับใช้ทำให้มีความรักความสามัคคีจาก....(อะไรเปลี่ยนแปลงดีขึ้น เช่น มีพฤติกรรมบางอย่างด้านลบน้อยลง)..xx....', 3, '2025-08-07 04:27:16', '2025-08-07 04:27:16');

-- --------------------------------------------------------

--
-- Table structure for table `project_outputs`
--

CREATE TABLE `project_outputs` (
  `id` int(11) NOT NULL,
  `project_id` int(11) NOT NULL COMMENT 'รหัสโครงการ',
  `output_id` int(11) NOT NULL COMMENT 'รหัสผลผลิต',
  `output_details` text NOT NULL COMMENT 'รายละเอียดเพิ่มเติมของผลผลิต',
  `created_by` varchar(100) DEFAULT NULL COMMENT 'ผู้สร้าง',
  `created_at` timestamp NOT NULL DEFAULT current_timestamp(),
  `updated_at` timestamp NOT NULL DEFAULT current_timestamp() ON UPDATE current_timestamp()
) ENGINE=InnoDB DEFAULT CHARSET=utf8mb4 COLLATE=utf8mb4_unicode_ci COMMENT='ตารางเก็บการเลือกผลผลิตของโครงการ';

--
-- Dumping data for table `project_outputs`
--

INSERT INTO `project_outputs` (`id`, `project_id`, `output_id`, `output_details`, `created_by`, `created_at`, `updated_at`) VALUES
(1, 7, 3, 'กลุ่มเป้าหมาย จำนวน.....30....คน มีศักยภาพ ด้าน..........IoT และ solar cell...........', '3', '2025-08-07 03:22:25', '2025-08-07 03:22:25'),
(2, 4, 39, 'กลุ่มเป้าหมายจำนวน...xx...คน มีความรู้/เข้าใจเกี่ยวกับการสร้างความรักความสามัคคีในชุมชน', '3', '2025-08-07 04:26:46', '2025-08-07 04:26:46'),
(3, 3, 14, 'ผลิตภัณฑ์สร้างสรรค์ได้รับการจดทะเบียนทรัพย์สินทางปัญญา ประเภท ลิขสิทธิ์ จำนวน....1....ผลิตภัณฑ์', '3', '2025-08-07 06:16:39', '2025-08-07 06:16:39');

--
-- Triggers `project_outputs`
--
DELIMITER $$
CREATE TRIGGER `audit_project_outputs_insert` AFTER INSERT ON `project_outputs` FOR EACH ROW BEGIN
    INSERT INTO audit_logs (table_name, record_id, action, new_values, user_id, timestamp)
    VALUES ('project_outputs', NEW.id, 'INSERT', JSON_OBJECT(
        'project_id', NEW.project_id,
        'output_id', NEW.output_id,
        'created_by', NEW.created_by
    ), NULL, NOW());
END
$$
DELIMITER ;

-- --------------------------------------------------------

--
-- Table structure for table `project_strategies`
--

CREATE TABLE `project_strategies` (
  `id` int(11) NOT NULL,
  `project_id` int(11) NOT NULL COMMENT 'รหัสโครงการ',
  `strategy_id` int(11) NOT NULL COMMENT 'รหัสยุทธศาสตร์',
  `created_by` varchar(100) DEFAULT NULL COMMENT 'ผู้สร้าง',
  `created_at` timestamp NOT NULL DEFAULT current_timestamp(),
  `updated_at` timestamp NOT NULL DEFAULT current_timestamp() ON UPDATE current_timestamp()
) ENGINE=InnoDB DEFAULT CHARSET=utf8mb4 COLLATE=utf8mb4_unicode_ci COMMENT='ตารางเก็บการเลือกยุทธศาสตร์ของโครงการ';

--
-- Dumping data for table `project_strategies`
--

INSERT INTO `project_strategies` (`id`, `project_id`, `strategy_id`, `created_by`, `created_at`, `updated_at`) VALUES
(1, 7, 1, '3', '2025-08-07 03:19:12', '2025-08-07 03:19:12'),
(2, 4, 1, '3', '2025-08-07 04:26:31', '2025-08-07 04:26:31'),
(3, 3, 1, '3', '2025-08-07 06:15:47', '2025-08-07 06:15:47');

--
-- Triggers `project_strategies`
--
DELIMITER $$
CREATE TRIGGER `audit_project_strategies_insert` AFTER INSERT ON `project_strategies` FOR EACH ROW BEGIN
    INSERT INTO audit_logs (table_name, record_id, action, new_values, user_id, timestamp)
    VALUES ('project_strategies', NEW.id, 'INSERT', JSON_OBJECT(
        'project_id', NEW.project_id,
        'strategy_id', NEW.strategy_id,
        'created_by', NEW.created_by
    ), NULL, NOW());
END
$$
DELIMITER ;

-- --------------------------------------------------------

--
-- Table structure for table `proxies`
--

CREATE TABLE `proxies` (
  `proxy_id` int(11) NOT NULL,
  `outcome_id` int(11) NOT NULL COMMENT 'รหัสผลลัพธ์ที่เกี่ยวข้อง',
  `proxy_sequence` varchar(10) NOT NULL COMMENT 'ลำดับ Proxy เช่น 1, 2, 3',
  `proxy_name` varchar(500) NOT NULL COMMENT 'ชื่อ Proxy',
  `calculation_formula` text NOT NULL COMMENT 'สูตรการคำนวณ',
  `proxy_description` text NOT NULL COMMENT 'รายละเอียดแหล่งที่มาของข้อมูล',
  `created_at` timestamp NOT NULL DEFAULT current_timestamp(),
  `updated_at` timestamp NOT NULL DEFAULT current_timestamp() ON UPDATE current_timestamp()
) ENGINE=InnoDB DEFAULT CHARSET=utf8mb4 COLLATE=utf8mb4_unicode_ci COMMENT='ตารางเก็บข้อมูล Proxy สำหรับการคำนวณมูลค่าทางการเงินของผลลัพธ์';

--
-- Dumping data for table `proxies`
--

INSERT INTO `proxies` (`proxy_id`, `outcome_id`, `proxy_sequence`, `proxy_name`, `calculation_formula`, `proxy_description`, `created_at`, `updated_at`) VALUES
(1, 1, '1', '1.รายได้จากค่าตอบแทนในการถ่ายทอดความรู้ทักษะเกี่ยวกับ.........................................', '(ค่าตอบแทน/ครั้ง/คน x จำนวนครั้ง/ปี x จำนวนคน = xxxxx บาท/ปี)', '(จากการสัมภาษณ์ค่าตอบที่ได้รับ หรือระเบียบค่าตอบแทนวิทยากรในเรื่องที่คล้ายกัน)', '2025-08-05 02:43:02', '2025-08-05 02:43:02'),
(2, 2, '1', '1.รายได้ที่เพิ่มขึ้นจากการนำความรู้/ทักษะ.................ไปใช้ทำให้.....(เกิดการเปลี่ยนแปลงอย่างไร)......', '(เช่น รายได้เพิ่มขึ้นจากยอดขายที่เพิ่มขึ้น = ราคาขาย x ปริมาณ = xxxxx บาท/ปี เป็นต้น)', '(จากการสัมภาษณ์รายได้ที่เพิ่มขึ้น)', '2025-08-05 02:44:12', '2025-08-05 02:44:12'),
(3, 3, '1', '1.ต้นทุนลดลงจากการนำความรู้/ทักษะ.................ไปใช้ ทำให้.....(เกิดการเปลี่ยนแปลงอย่างไร)......', '(เช่น ต้นทุนด้านการผลิตผลิตภัณฑ์ลดลงจากการลดการใช้สารเคมี = ต้นทุนที่ลดลง x ปริมาณ = xxxxx บาท/ปี เป็นต้น)', '(จากการสัมภาษณ์ต้นทุนที่ลดลง)', '2025-08-05 02:45:20', '2025-08-05 02:45:20'),
(4, 4, '1', '1.รายได้จากค่าตอบแทนในการถ่ายทอดศักยภาพ ด้าน............................................', '(ค่าตอบแทน/ครั้ง/คน x จำนวนครั้ง/ปี x จำนวนคน = xxxxx บาท/ปี)', '(จากการสัมภาษณ์ค่าตอบที่ได้รับ หรือระเบียบค่าตอบแทนวิทยากรในเรื่องที่คล้ายกัน)', '2025-08-05 02:48:52', '2025-08-05 02:48:52'),
(5, 5, '1', '1.รายได้ที่เพิ่มขึ้นจากการนำความรู้ความสามารถที่เกิดจากศักยภาพ ด้าน.................ไปใช้ทำให้.....(เกิดการเปลี่ยนแปลงอย่างไร)......', '(เช่น รายได้เพิ่มขึ้นจากยอดขายที่เพิ่มขึ้น = ราคาขาย x ปริมาณ = xxxxx บาท/ปี เป็นต้น)', '(จากการสัมภาษณ์รายได้ที่เพิ่มขึ้น)', '2025-08-05 02:49:40', '2025-08-05 02:49:40'),
(6, 6, '1', '1.ต้นทุนลดลงจากการนำความรู้ความสามารถที่เกิดจากศักยภาพ ด้าน.....................ไปใช้ ทำให้.....(เกิดการเปลี่ยนแปลงอย่างไร)......', '(เช่น ต้นทุนด้านการผลิตผลิตภัณฑ์ลดลงจากการลดการใช้สารเคมี = ต้นทุนที่ลดลง x ปริมาณ = xxxxx บาท/ปี เป็นต้น)', '(จากการสัมภาษณ์ต้นทุนที่ลดลง)', '2025-08-05 02:50:57', '2025-08-05 02:50:57'),
(7, 7, '1', '1.รายได้จากค่าตอบแทนในการถ่ายทอดสมรรถนะ ด้าน..........................................', '(ค่าตอบแทน/ครั้ง/คน x จำนวนครั้ง/ปี x จำนวนคน = xxxxx บาท/ปี)', '(จากการสัมภาษณ์ค่าตอบที่ได้รับ หรือระเบียบค่าตอบแทนวิทยากรในเรื่องที่คล้ายกัน)', '2025-08-05 02:53:29', '2025-08-05 02:53:29'),
(8, 8, '1', '1.รายได้ที่เพิ่มขึ้นจากการนำสมรรถนะด้าน..................ไปใช้ทำให้.....(เกิดการเปลี่ยนแปลงอย่างไร)......', '(เช่น รายได้เพิ่มขึ้นจากการผลิตได้มากขึ้นในเวลาเท่าเดิม = ราคาขาย x ปริมาณที่เพิ่มขึ้น = xxxxx บาท/ปี เป็นต้น)', '(จากการสัมภาษณ์รายได้ที่เพิ่มขึ้น)', '2025-08-05 02:54:47', '2025-08-05 02:54:47'),
(9, 9, '1', '1.ต้นทุนลดลงจากการนำสมรรถนะ ด้าน.................ไปใช้ ทำให้.....(เกิดการเปลี่ยนแปลงอย่างไร)......', '(เช่น ต้นทุนด้านวัตถุดิบลดลงจากของเสียที่ลดลง = ต้นทุนที่ลดลง x ปริมาณ = xxxxx บาท/ปี เป็นต้น)', '(จากการสัมภาษณ์ต้นทุนที่ลดลง)', '2025-08-05 02:55:47', '2025-08-05 02:55:47'),
(10, 10, '1', '1.รายได้เพิ่มขึ้นจากกลุ่มอาชีพ/อาชีพเสริม', 'จำนวน........บาท/ปี', '(จากการสัมภาษณ์รายได้ที่เพิ่มขึ้นจากการมีกลุ่มอาชีพหรืออาชีพเสริม)', '2025-08-06 03:00:12', '2025-08-06 03:00:12'),
(11, 11, '1', '1.รายได้จากการขายผลิตภัณฑ์ใหม่', '(จำนวนผลิตภัณฑ์ใหม่ x ราคา) – (ต้นทุน x ปริมาณขาย) (หากมีหลายผลิตภัณฑ์ให้แยกเป็นรายผลิตภัณฑ์)', '(จากการสัมภาษณ์รายได้ที่เพิ่มขึ้น)', '2025-08-06 03:02:29', '2025-08-06 03:02:29'),
(12, 12, '1', '1.รายได้จากการขายผลิตภัณฑ์แปรรูป', '(จำนวนผลิตภัณฑ์แปรรูป x ราคา) – (ต้นทุน x ปริมาณขาย) (หากมีหลายผลิตภัณฑ์ให้แยกเป็นรายผลิตภัณฑ์)', '(จากการสัมภาษณ์รายได้ที่เพิ่มขึ้น)', '2025-08-06 03:03:28', '2025-08-06 03:03:28'),
(13, 13, '1', '1.รายได้จากการขายผลิตภัณฑ์สร้างสรรค์', '(จำนวนผลิตภัณฑ์สร้างสรรค์ x ราคา) – (ต้นทุน x ปริมาณขาย) (หากมีหลายผลิตภัณฑ์ให้แยกเป็นรายผลิตภัณฑ์)', '(จากการสัมภาษณ์รายได้ที่เพิ่มขึ้น)', '2025-08-06 03:04:31', '2025-08-06 03:04:31'),
(14, 14, '1', '1.รายได้จากการขายผลิตภัณฑ์ใหม่ที่ได้รับมาตรฐาน', '(จำนวนผลิตภัณฑ์ใหม่ที่ได้รับมาตรฐาน x ราคา) – (ต้นทุน x ปริมาณขาย)', '(หากมีหลายผลิตภัณฑ์ให้แยกเป็นรายผลิตภัณฑ์) (จากการสัมภาษณ์รายได้ที่เพิ่มขึ้น)', '2025-08-06 03:05:17', '2025-08-06 03:05:17'),
(15, 15, '1', '1.รายได้จากการขายผลิตภัณฑ์ใหม่ที่ได้รับมาตรฐาน', '(จำนวนผลิตภัณฑ์ใหม่ที่ได้รับมาตรฐาน x ราคา) – (ต้นทุน x ปริมาณขาย)', '(หากมีหลายผลิตภัณฑ์ให้แยกเป็นรายผลิตภัณฑ์) (จากการสัมภาษณ์รายได้ที่เพิ่มขึ้น)', '2025-08-06 03:06:57', '2025-08-06 03:06:57'),
(16, 16, '1', '1.รายได้จากการขายผลิตภัณฑ์สร้างสรรค์ที่ได้รับมาตรฐาน', '(จำนวนผลิตภัณฑ์สร้างสรรค์ที่ได้รับมาตรฐาน x ราคา) – (ต้นทุน x ปริมาณขาย) (หากมีหลายผลิตภัณฑ์ให้แยกเป็นรายผลิตภัณฑ์)', '(จากการสัมภาษณ์รายได้ที่เพิ่มขึ้น)', '2025-08-06 03:07:48', '2025-08-06 03:07:48'),
(17, 17, '1', '1.รายได้ที่เพิ่มขึ้นจากการการมีผู้อื่นมาขอใช้ลิขสิทธิ์ สิทธิบัตร อนุสิทธิบัตร', 'ค่าตอบแทนในการให้ใช้สิทธิ (หากมีหลายผลิตภัณฑ์ให้แยกเป็นรายผลิตภัณฑ์)', '(จากการสัมภาษณ์รายได้ที่เพิ่มขึ้น)', '2025-08-06 03:09:00', '2025-08-06 03:09:00'),
(18, 18, '1', '1.รายได้ที่เพิ่มขึ้นจากการการมีผู้อื่นมาขอใช้ลิขสิทธิ์ สิทธิบัตร อนุสิทธิบัตร', 'ค่าตอบแทนในการให้ใช้สิทธิ (หากมีหลายผลิตภัณฑ์ให้แยกเป็นรายผลิตภัณฑ์)', '(จากการสัมภาษณ์รายได้ที่เพิ่มขึ้น)', '2025-08-06 03:10:11', '2025-08-06 03:10:11'),
(19, 19, '1', '1.รายได้ที่เพิ่มขึ้นจากการการมีผู้อื่นมาขอใช้ลิขสิทธิ์ สิทธิบัตร อนุสิทธิบัตร', 'ค่าตอบแทนในการให้ใช้สิทธิ (หากมีหลายผลิตภัณฑ์ให้แยกเป็นรายผลิตภัณฑ์)', '(จากการสัมภาษณ์รายได้ที่เพิ่มขึ้น)', '2025-08-06 03:11:07', '2025-08-06 03:11:07'),
(20, 20, '1', '1. รายได้ที่นักท่องเที่ยวเข้าพักเพิ่มขึ้น', '(จำนวน......คน x ค่าที่พัก....บาท/คน) – ต้นทุน/คน (คำนวณเป็นรายปี) หรือ รายได้สุทธิ...............บาท/ปี', '(จากการสัมภาษณ์ข้อมูลจากกผู้ประกอบการโฮมสเตย์เป้าหมาย)', '2025-08-06 03:20:51', '2025-08-06 03:20:51'),
(21, 21, '1', '1. รายได้ที่นักท่องเที่ยวเข้าพักเพิ่มขึ้น', '(จำนวน......คน x ค่าที่พัก....บาท/คน) – ต้นทุน/คน (คำนวณเป็นรายปี) หรือ รายได้สุทธิ...............บาท/ปี', '(จากการสัมภาษณ์ข้อมูลจากกผู้ประกอบการโฮมสเตย์เป้าหมาย)', '2025-08-06 03:21:47', '2025-08-06 03:21:47'),
(22, 22, '1', '1.ค่าใช้จ่ายในการเข้าร่วมกิจกรรมของนักท่องเที่ยว', '(จำนวนคน x จำนวน....บาท/คน) – (ต้นทุน.....บาท/คน)', '', '2025-08-06 03:23:02', '2025-08-06 03:23:02'),
(23, 23, '1', '1.ค่าจ้างผู้นำเที่ยวนำทาง/มัคคุเทศก์', '(จำนวนผู้นำเที่ยวนำทาง/มัคคุเทศก์ x ค่าจ้างต่อคน)', '(จากการสัมภาษณ์กลุ่มเป้าหมาย)', '2025-08-06 03:29:16', '2025-08-06 03:29:16'),
(24, 23, '2', '2.รายได้จากการมาเที่ยวของนักท่องเที่ยว', '(จำนวนนักท่องเที่ยว x ค่าใช้จ่ายต่อคน) – (ต้นทุนต่อคน)', '(จากการสัมภาษณ์จากนักท่องเที่ยว)', '2025-08-06 03:29:16', '2025-08-06 03:29:16'),
(25, 24, '1', '1.รายได้เพิ่มขึ้นจากการจัดอบรมหลักสูตร..............', '(ค่าตอบแทน/ครั้ง/คน x จำนวนครั้ง x จำนวนคน = xxxxx บาท/ปี)', '(หากมีหลายหลักสูตรให้แยกเป็นรายหลักสูตร) (จากการสัมภาษณ์รายได้ที่เพิ่มขึ้น)', '2025-08-06 03:30:39', '2025-08-06 03:30:39'),
(26, 25, '1', '1.รายได้เพิ่มขึ้นจาก...............(ความรู้/ทักษะที่ได้รับจากหลักสูตร).............ที่เพิ่มขึ้น', 'จำนวน......บาท/ปี (รายได้เพิ่มขึ้นจากการเลื่อนตำแหน่งที่สูงขึ้น หรือ รายได้ที่เพิ่มขึ้นจากกิจการมียอดขายมากขึ้น หรือ รายได้เพิ่มขึ้นจากการมีอาชีพใหม่ ฯลฯ) (หากมีหลายหลักสูตรให้แยกเป็นรายหลักสูตร)', '(จากการสัมภาษณ์รายได้ที่เพิ่มขึ้น)', '2025-08-06 03:31:53', '2025-08-06 03:31:53'),
(27, 26, '1', '1.ความรู้/ทักษะ จากหลักสูตร ทำให้...........ดีขึ้น และสามารถทำให้ต้นทุนลดลงหรือค่าใช้จ่ายลดลง', '(หากมีหลายหลักสูตรให้แยกเป็นรายหลักสูตร)', '(จากการสัมภาษณ์ต้นทุนที่ลดลง)', '2025-08-06 03:33:57', '2025-08-06 03:33:57'),
(28, 27, '1', '1.รายได้เพิ่มขึ้นจากการจัดอบรมหลักสูตร..............', '(ค่าตอบแทน/ครั้ง/คน x จำนวนครั้ง x จำนวนคน = xxxxx บาท/ปี) (หากมีหลายหลักสูตรให้แยกเป็นรายหลักสูตร)', '(จากการสัมภาษณ์รายได้ที่เพิ่มขึ้น)', '2025-08-06 03:35:49', '2025-08-06 03:35:49'),
(29, 28, '1', '1.รายได้เพิ่มขึ้นจาก...............(ความรู้/ทักษะที่ได้รับจากหลักสูตร).............ที่เพิ่มขึ้น', 'จำนวน......บาท/ปี (รายได้เพิ่มขึ้นจากการเลื่อนตำแหน่งที่สูงขึ้น หรือ รายได้ที่เพิ่มขึ้นจากกิจการมียอดขายมากขึ้น หรือ รายได้เพิ่มขึ้นจากการมีอาชีพใหม่ ฯลฯ) (หากมีหลายหลักสูตรให้แยกเป็นรายหลักสูตร)', '(จากการสัมภาษณ์รายได้ที่เพิ่มขึ้น)', '2025-08-06 03:36:39', '2025-08-06 03:36:39'),
(30, 29, '1', '1.ความรู้/ทักษะ จากหลักสูตร ทำให้...........ดีขึ้น และสามารถทำให้ต้นทุนลดลงหรือค่าใช้จ่ายลดลง', '(หากมีหลายหลักสูตรให้แยกเป็นรายหลักสูตร)', '(จากการสัมภาษณ์ต้นทุนที่ลดลง)', '2025-08-06 03:38:34', '2025-08-06 03:38:34'),
(31, 30, '1', '1.รายได้เพิ่มขึ้นจาก....(ทำให้ดีขึ้นอย่างไร เช่น ขายสินค้าได้เพิ่มขึ้น)....จำนวน........บาท/ปี', '', '', '2025-08-06 03:39:40', '2025-08-06 03:39:40'),
(32, 31, '1', '1.ต้นทุนหรือค่าใช้จ่ายลดลงจาก....(ทำให้ดีขึ้นอย่างไร เช่น ลดค่าใช้จ่ายในการจ้างคนไปขายสินค้า)....', 'จำนวน........บาท/ปี', '', '2025-08-06 03:40:39', '2025-08-06 03:40:39'),
(33, 32, '1', '1.ประสิทธิภาพเพิ่มขึ้นจาก....(ทำให้ดีขึ้นอย่างไร เช่น ลดเวลาในการทำงาน ผลผลิตเพิ่มขึ้น', 'รายได้ที่เกิดขึ้นจากเวลาที่ลดลงสามารถนำไปใช้ประโยชน์และมีรายได้เพิ่มขึ้น = (จำนวนชม.ที่ลดลง x ค่าแรงขั้นต่ำ x จำนวนคน (รายปี) รายได้จากผลผลิตที่เพิ่มขึ้น = (จำนวนผลผลิตที่เพิ่มขึ้น x ราคาผลผลิต/หน่วย(กก.,กรัม))', '(จากการสัมภาษณ์ผู้ใช้ประโยชน์ อ้างอิงจากแหล่งต่างๆกรณ๊ใกล้เคียงกัน)', '2025-08-06 03:41:55', '2025-08-06 03:41:55'),
(34, 33, '1', '1.รายได้เพิ่มขึ้นจาก....(ทำให้ดีขึ้นอย่างไร เช่น ขายสินค้าได้เพิ่มขึ้น)....', 'จำนวน........บาท/ปี', '', '2025-08-06 03:43:17', '2025-08-06 03:43:17'),
(35, 34, '1', '1.ต้นทุนหรือค่าใช้จ่ายลดลงจาก....(ทำให้ดีขึ้นอย่างไร เช่น ลดค่าใช้จ่ายในการจ้างคนไปขายสินค้า)....', 'จำนวน........บาท/ปี', '', '2025-08-06 03:44:00', '2025-08-06 03:44:00'),
(36, 35, '1', '1.ประสิทธิภาพเพิ่มขึ้นจาก....(ทำให้ดีขึ้นอย่างไร เช่น ลดเวลาในการทำงาน ผลผลิตเพิ่มขึ้น)', 'รายได้ที่เกิดขึ้นจากเวลาที่ลดลงสามารถนำไปใช้ประโยชน์และมีรายได้เพิ่มขึ้น = (จำนวนชม.ที่ลดลง x ค่าแรงขั้นต่ำ x จำนวนคน (รายปี)) หรือ รายได้จากผลผลิตที่เพิ่มขึ้น = (จำนวนผลผลิตที่เพิ่มขึ้น x ราคาผลผลิต/หน่วย(กก.,กรัม))', '(จากการสัมภาษณ์ผู้ใช้ประโยชน์ อ้างอิงจากแหล่งต่างๆกรณีใกล้เคียงกัน)', '2025-08-06 03:46:18', '2025-08-06 03:46:18'),
(37, 36, '1', '1.รายได้เพิ่มขึ้นจากการมีช่องทางการจัดจำหน่ายใหม่', 'จำนวน......บาท/ปี (หากมีหลายช่องทางแยกตามประเภทของช่องทางการจัดจำหน่ายใหม่)', '(จากการสัมภาษณ์ผู้ใช้ประโยชน์)', '2025-08-06 03:55:21', '2025-08-06 03:55:21'),
(38, 37, '1', '1.ต้นทุน/ค่าใช้จ่ายเกี่ยวกับ..เรื่องอะไร....ลดลง จากการมีช่องทางการจัดจำหน่ายใหม่', 'จำนวน........บาท/ปี (แยกตามประเภทของช่องทางการจัดจำหน่ายใหม่)', '(จากการสัมภาษณ์ผู้ใช้ประโยชน์)', '2025-08-06 03:56:19', '2025-08-06 03:56:19'),
(39, 39, '1', '1.รายได้เพิ่มขึ้นจากการมีช่องทางการจัดจำหน่ายใหม่', 'จำนวน......บาท/ปี (หากมีหลายช่องทางแยกตามประเภทของช่องทางการจัดจำหน่ายใหม่)', '(จากการสัมภาษณ์ผู้ใช้ประโยชน์)', '2025-08-06 03:59:27', '2025-08-06 03:59:27'),
(40, 39, '2', '2.ต้นทุน/ค่าใช้จ่ายเกี่ยวกับ..เรื่องอะไร....ลดลง จากการมีช่องทางการจัดจำหน่ายใหม่', 'จำนวน........บาท/สัปดาห์(เดือน,ปี) (หากมีหลายช่องทางแยกตามประเภทของช่องทางการจัดจำหน่ายใหม่)', '(จากการสัมภาษณ์ผู้ใช้ประโยชน์)', '2025-08-06 03:59:27', '2025-08-06 03:59:27'),
(41, 40, '1', '1.ยอดขาย(รายได้)เพิ่มขึ้นจากการจัดงานแสดงผลิตภัณฑ์/ผลงาน', 'จำนวน......บาท/ปี (หากมีหลายครั้งให้แยกเป็นรายครั้ง)', '(จากการสัมภาษณ์ผู้ใช้ประโยชน์)', '2025-08-06 04:00:42', '2025-08-06 04:00:42'),
(42, 41, '1', '1.ยอดขาย(รายได้)เพิ่มขึ้นจากการมีช่องทางการจัดจำหน่ายใหม่', 'จำนวน......บาท/ปี', '(จากการสัมภาษณ์ผู้ใช้ประโยชน์)', '2025-08-06 04:01:50', '2025-08-06 04:01:50'),
(43, 41, '2', '2.ต้นทุน/ค่าใช้จ่ายเกี่ยวกับ..(เรื่องอะไร)....ลดลง จากการมีสื่อด้านการตลาดออนไลน์', 'จำนวน........บาท/ปี', '(จากการสัมภาษณ์ผู้ใช้ประโยชน์)', '2025-08-06 04:01:50', '2025-08-06 04:01:50'),
(44, 42, '1', '1. ยอดขาย(รายได้)เพิ่มขึ้นจากการมีสื่อด้านการตลาด', 'จำนวน......บาท/ปี', '(จากการสัมภาษณ์ผู้ใช้ประโยชน์)', '2025-08-06 04:02:57', '2025-08-06 04:02:57'),
(45, 42, '2', '2. ต้นทุน/ค่าใช้จ่ายเกี่ยวกับ..เรื่องอะไร....ลดลง จากการมีสื่อด้านการตลาด', 'จำนวน........บาท/สัปดาห์(เดือน,ปี)', '(จากการสัมภาษณ์ผู้ใช้ประโยชน์)', '2025-08-06 04:02:58', '2025-08-06 04:02:58'),
(46, 43, '1', '1.รายได้จากการขายสินค้า/ผลิตภัณฑ์', 'จำนวน......บาท/ปี (แยกเป็นรายผลิตภัณฑ์ หรือเฉลี่ยรายได้ทั้งหมด)', '(จากการสัมภาษณ์ผู้ใช้ประโยชน์)', '2025-08-06 04:32:48', '2025-08-06 04:32:48'),
(47, 44, '1', '1.รายได้เพิ่มขึ้นจากการมีกลุ่ม/คณะเข้าเยี่ยมชมจำนวน.....กลุ่ม/คณะ หรือจำนวนคน', 'จำนวนกลุ่มคณะ x ค่าเข้าชมต่อกลุ่มคณะ หรือ จำนวนผู้เข้าชม x ค่าเข้าชมต่อคน', '(จากการสัมภาษณ์ผู้ใช้ประโยชน์)', '2025-08-06 04:33:44', '2025-08-06 04:33:44'),
(48, 46, '1', '1.รายได้เพิ่มขึ้นจากการขายสินค้าเพิ่มขึ้น', 'จำนวน.....บาท/ปี', '(จากการสัมภาษณ์ผู้ใช้ประโยชน์)', '2025-08-06 04:34:52', '2025-08-06 04:34:52'),
(49, 47, '2', '2.ต้นทุนหรือค่าใช้จ่ายที่ลดลงจากการจัดตั้งกลุ่มวิสาหกิจชุมชน (เช่น ทำให้มีเครือข่ายเพิ่มขึ้นหรือต่อรองต้นทุนวัตถุดิบในราคาที่ถูกลง ทำให้ต้นทุนลดลง)', 'จำนวน.....บาท/ปี', '(จากการสัมภาษณ์ผู้ใช้ประโยชน์)', '2025-08-06 04:35:32', '2025-08-06 04:35:32'),
(50, 47, '2', '2.ต้นทุนหรือค่าใช้จ่ายที่ลดลงจากการจัดตั้งกลุ่มวิสาหกิจชุมชน (เช่น ทำให้มีเครือข่ายเพิ่มขึ้นหรือต่อรองต้นทุนวัตถุดิบในราคาที่ถูกลง ทำให้ต้นทุนลดลง)', 'จำนวน.....บาท/ปี', '(จากการสัมภาษณ์ผู้ใช้ประโยชน์)', '2025-08-06 07:18:20', '2025-08-06 07:18:20'),
(51, 50, '2', '2.ลดต้นทุนเกี่ยวกับ........', 'จำนวน........บาท/ปี', '(จากการสัมภาษณ์ผู้ใช้ประโยชน์)', '2025-08-06 07:41:13', '2025-08-06 07:41:13'),
(52, 51, '3', '3.รายได้ที่เพิ่มขึ้นจาก...............', 'จำนวน........บาท/ปี', '(จากการสัมภาษณ์ผู้ใช้ประโยชน์)', '2025-08-06 07:42:18', '2025-08-06 07:42:18'),
(53, 52, '4', '4.ค่าตอบแทน/มูลค่าของประสิทธิภาพที่เพิ่มขึ้น', 'จำนวน.....บาท/ปี เช่น ลดเวลาในการทำงาน = จำนวนชม.(วัน)ที่ลดลง x ค่าจ้างต่อชั่วโมง(วัน) หรือรายได้ที่เกิดจากการนำเวลาที่ลดลงไปทำอย่างอื่น, ใช้แรงงานลดลง = จำนวนแรงงานที่ลดลง x ค่าจ้างแรงงานต่อวัน', '(จากการสัมภาษณ์ผู้ใช้ประโยชน์)', '2025-08-06 07:43:08', '2025-08-06 07:43:08'),
(54, 56, '1', '1.รายได้จาก.......เพิ่มขึ้น', '.....บาท/ปี', '(จากการสัมภาษณ์ผู้ใช้ประโยชน์)', '2025-08-06 07:49:03', '2025-08-06 07:49:03'),
(55, 57, '1', '1.ต้นทุนจาก.......ลดลง', '......บาท/ปี', '(จากการสัมภาษณ์ผู้ใช้ประโยชน์)', '2025-08-06 07:50:07', '2025-08-06 07:50:07'),
(56, 58, '1', '1.มูลค่าจากผลผลิตเพิ่มขึ้น', '(จำนวนผลผลิตที่เพิ่มขึ้น x ราคาต่อหน่วย) - ต้นทุนต่อหน่วย', '(จากการสัมภาษณ์ผู้ใช้ประโยชน์)', '2025-08-06 07:51:16', '2025-08-06 07:51:16'),
(57, 58, '2', '2.มูลค่าเวลาทำงานลดลง', 'จำนวนเวลาทำงานที่ลดลง (ชม./คน/วัน) x ค่าตอบแทนหรือค่าจ้าง/คน/วัน (คิดออกมาเป็นรายปี)', '(จากการสัมภาษณ์ผู้ใช้ประโยชน์)', '2025-08-06 07:51:16', '2025-08-06 07:51:16'),
(58, 59, '1', '1.รายได้เพิ่มขึ้นจาก.......................', 'บาท/ปี', '(จากการสัมภาษณ์ผู้ใช้ประโยชน์)', '2025-08-06 07:52:42', '2025-08-06 07:52:42'),
(59, 60, '1', '1.มูลค่าจากการขอใช้สิทธิ์นวัตกรรม', 'ค่าตอบแทนในการใช้สิทธิ์ x จำนวนครั้ง = xxxxxบาท/ปี', '', '2025-08-06 07:53:50', '2025-08-06 07:53:50'),
(60, 61, '1', '1.รายได้จาก..อะไรดีขึ้น เช่น ขายผลิตภัณฑ์', '...เพิ่มขึ้น......บาท/ปี', '', '2025-08-06 07:55:16', '2025-08-06 07:55:16'),
(61, 62, '1', '1.ต้นทุนจาก ......อะไรดีขึ้น เช่น ต้นทุน/ค่าใช้จ่ายในการจัดวัตถุดิบได้ในราคาถูก', 'ลดลง.....บาท/ปี', '(จากการสัมภาษณ์ผู้ใช้ประโยชน์)', '2025-08-06 07:57:08', '2025-08-06 07:57:08'),
(62, 64, '1', '1.รายได้จาก..อะไรดีขึ้น เช่น ขายผลิตภัณฑ์...เพิ่มขึ้น', '......บาท/ปี', '', '2025-08-06 07:58:23', '2025-08-06 07:58:23'),
(63, 65, '1', '1.ต้นทุนจาก ......อะไรดีขึ้น เช่น ต้นทุน/ค่าใช้จ่ายในการจัดวัตถุดิบได้ในราคาถูก', 'ลดลง.....บาท/ปี', '(จากการสัมภาษณ์ผู้ใช้ประโยชน์)', '2025-08-06 07:59:15', '2025-08-06 07:59:15'),
(64, 67, '1', '1.รายได้จาก..อะไรดีขึ้น เช่น ขายผลิตภัณฑ์...เพิ่มขึ้น', '......บาท/ปี', '', '2025-08-06 08:00:29', '2025-08-06 08:00:29'),
(65, 68, '1', '1.ต้นทุนจาก ......อะไรดีขึ้น เช่น ต้นทุน/ค่าใช้จ่ายในการจัดวัตถุดิบได้ในราคาถูก', 'ลดลง.....บาท/ปี', '(จากการสัมภาษณ์ผู้ใช้ประโยชน์)', '2025-08-06 08:02:13', '2025-08-06 08:02:13'),
(66, 77, '1', '1.ความสุขเพิ่มขึ้นอาจจะทำให้มีพฤติกรรมบางอย่างด้านลบน้อยลง', 'เช่น ปกติพบจิตแพทย์อยู่เป็นประจำ เมื่อมีความสุขมากขึ้นทำให้ลดการพบจิตแพทย์ลง (ค่าใช้จ่ายในการพบจิตแพทย์ลดลง......บาท/ปี) หรือ ปกติอยู่คนเดียว ไม่ออกไปพบปะผู้คน เมื่อมีความสุขมากขึ้น มีการออกไปพบปะ/สังสรรค์/นันทนาการเพิ่มขึ้น จำนวน........ครั้ง/เดือน(ปี) (ค่าใช้จ่ายในการออกไปพบปะ/สังสรรค์/กิจกรรมนันทนาการ................บาท/ครั้ง x จำนวนครั้งที่เพิ่มขึ้น) (คิดเป็นรายปี)', '(สัมภาษณ์หรือเทียบเคียงอัตราค่าบริการพบจิตแพทย์อ้างอิง หรือจากการสัมภาษณ์กลุ่มเป้าหมาย)', '2025-08-06 08:28:38', '2025-08-06 08:28:38'),
(67, 78, '1', '1.ความสามัคคีเพิ่มขึ้น เคารพผู้อื่นมากขึ้น เช่น ปัญหาความขัดแย้งในชุมชนลดลง', '(ค่าใช้จ่ายในการไกล่เกลี่ยความขัดแย้งในชุมชน x จำนวนครั้งความขัดแย้งที่ลดลง) (คิดเป็นรายปี) หรือ ค่าใช้จ่ายในการการจัดกิจกรรมเสริมสร้างความสามัคคีลดลง (คิดเป็นรายปี)', '(จากการสัมภาषณ์กลุ่มเป้าหมาย หรือเทียบเคียงกรณีใกล้เคียง)', '2025-08-06 08:29:33', '2025-08-06 08:29:33'),
(68, 79, '1', '1.คุณธรรมจริยธรรมที่ดีขึ้น เช่น เคารพ/กฎระเบียบ วินัยมากขึ้น, การทะเลาะวิวาทลดลง', 'ค่าปรับในการผิดกฎระเบียบ วินัย ลดลง (จำนวนครั้งที่ลดลง x ค่าปรับต่อครั้ง) (คิดเป็นรายปี) หรือ การทะเลาะวิวาทลดลง = (จำนวนครั้งที่ลดลง x ค่าดำเนินการไกล่เกลี่ยหรือค่าเยียวยาต่อครั้ง) (คิดเป็นรายปี)', '(จากการสัมภาษณ์กลุ่มเป้าหมาย หรือเทียบเคียงค่าปรับ/ไกล่เกลี่ยกรณีใกล้เคียงอ้างอิง)', '2025-08-06 08:30:21', '2025-08-06 08:30:21'),
(69, 79, '2', '2.ได้รับการยอมรับมากขึ้น เช่น มีส่วนร่วมในการเป็นแกนนำกิจกรรม', 'ค่าตอบแทนในการเป็นผู้นำโครงการ/บรรยาย/วิทยากร (ค่าตอบแทน/ชม.(ครั้ง) x จำนวนชม.(ครั้ง) x คน)', '(จากการสัมภาษณ์กลุ่มเป้าหมาย หรือเทียบเคียงเกลี่ยกรณีใกล้เคียงอ้างอิง)', '2025-08-06 08:32:04', '2025-08-06 08:32:04'),
(70, 79, '3', '3.สังคมดีขั้นทำให้ได้รับรางวัล', 'มูลค่าเงินรางวัลที่ได้รับ', '(จากการสัมภาษณ์กลุ่มเป้าหมาย หรือเทียบเคียงค่ากรณีใกล้เคียงอ้างอิง)', '2025-08-06 08:32:43', '2025-08-06 08:32:43'),
(71, 80, '1', '1.ค่าใช้จ่ายด้านสุขภาพที่ลดลง', 'จำนวนครั้งในการพบแพทย์ที่ลดลง x ค่าใช้จ่ายเฉลี่ยต่อครั้ง วัน (คิดตามจำนวนคนเป็นรายปี) หรือ ค่าใช้จ่ายในการรักษาในโรงพยาบาลจากการเป็นผู้ป่วยในลดลง วัน (คิดตามจำนวนคนเป็นรายปี) หรือ ค่าใช้จ่ายในการซื้อยารักษาอาการป่วยที่ลดลง วัน (คิดตามจำนวนคนเป็นรายปี) หรือ จำนวนวันหยุดงานจากการเจ็บป่วยที่ลดลง x ค่าจ้างต่อวัน (คิดตามจำนวนคนเป็นรายปี)', '(จากการสัมภาษณ์กลุ่มเป้าหมาย หรือเทียบเคียงกรณีใกล้เคียงอ้างอิง)', '2025-08-06 08:33:29', '2025-08-06 08:33:29'),
(72, 81, '1', '1.ค่าใช้จ่ายด้านสุขภาพที่ลดลง', 'จำนวนครั้งในการพบแพทย์ที่ลดลง x ค่าใช้จ่ายเฉลี่ยต่อครั้ง (คิดตามจำนวนคนเป็นรายปี) หรือ ค่าใช้จ่ายในการรักษาในโรงพยาบาลจากการเป็นผู้ป่วยในลดลง (คิดตามจำนวนคนเป็นรายปี) หรือ ค่าใช้จ่ายในการซื้อยารักษาอาการป่วยที่ลดลง (คิดตามจำนวนคนเป็นรายปี) หรือ จำนวนวันหยุดงานจากการเจ็บป่วยที่ลดลง x ค่าจ้างต่อวัน (คิดตามจำนวนคนเป็นรายปี)', '(จากการสัมภาษณ์กลุ่มเป้าหมาย หรือเทียบเคียงกรณีใกล้เคียงอ้างอิง)', '2025-08-06 08:34:29', '2025-08-06 08:34:29'),
(73, 82, '2', '2.ค่าใช้จ่ายด้านการป้องกันสุขภาพลดลง', 'ค่าใช้จ่ายในการเข้าคอร์สต่าง ๆ เพื่อดูแลป้องกันสุขภาพ เช่น คอร์สออกกำลังกาย คอร์สลดน้ำหนัก เป็นต้น', '', '2025-08-06 08:35:27', '2025-08-06 08:35:27'),
(74, 84, '6', '6.สภาพแวดล้อมดีขึ้น', '- จำนวนขยะลดลง = ค่าใช้จ่ายในการจัดเก็บขยะลดลง (จำนวนในการจัดเก็บที่ลดลง x ค่าใช้จ่ายในการจัดเก็บต่อครั้ง) - รายได้เพิ่มขึ้นหรือค่าใช้จ่ายลดลงจากการขายหรือใช้ประโยชน์จากขยะคัดแยก = มูลค่าจากการขาย จำนวน......บาท/เดือน(ปี) หรือ มูลค่าค่าใช้จ่ายที่ลดลง จำนวน......บาท/เดือน(ปี) - อากาศดีขึ้น = ค่าใช้จ่ายในการรักษาโรคทางเดินหายใจลดลง จำนวน......บาท/ปี (ค่าใช้จ่ายในการรักษาต่อครั้ง x จำนวนครั้งที่ลดลง) - สภาพดินดีขึ้นเหมาะแก่การเพาะปลูก = ค่าใช้จ่ายหรือตนทุนในการใช้สารบำรุงดิน จำนวน......บาท/ปี - คุณภาพน้ำดีขึ้น = ค่าใช้จ่ายในการทำให้น้ำมีคุณภาพดีขึ้น หรือ ในการซื้อน้ำคุณภาพดีมาใช้ จำนวน......บาท/ปี', '(จากการสัมภาษณ์กลุ่มเป้าหมาย หรือเทียบเคียงค่าปรับ/ไกล่เกลี่ยกรณีใกล้เคียงอ้างอิง)', '2025-08-06 08:36:57', '2025-08-06 08:36:57');

--
-- Triggers `proxies`
--
DELIMITER $$
CREATE TRIGGER `audit_proxies_insert` AFTER INSERT ON `proxies` FOR EACH ROW BEGIN
    INSERT INTO audit_logs (table_name, record_id, action, new_values, user_id, timestamp)
    VALUES ('proxies', NEW.proxy_id, 'INSERT', JSON_OBJECT(
        'outcome_id', NEW.outcome_id,
        'proxy_sequence', NEW.proxy_sequence,
        'proxy_name', NEW.proxy_name,
        'calculation_formula', NEW.calculation_formula
    ), NULL, NOW());
END
$$
DELIMITER ;
DELIMITER $$
CREATE TRIGGER `audit_proxies_update` AFTER UPDATE ON `proxies` FOR EACH ROW BEGIN
    IF OLD.proxy_name != NEW.proxy_name OR 
       OLD.calculation_formula != NEW.calculation_formula OR 
       OLD.proxy_description != NEW.proxy_description THEN
        INSERT INTO audit_logs (table_name, record_id, action, old_values, new_values, user_id, timestamp)
        VALUES ('proxies', NEW.proxy_id, 'UPDATE', 
            JSON_OBJECT(
                'proxy_name', OLD.proxy_name, 
                'calculation_formula', OLD.calculation_formula,
                'proxy_description', OLD.proxy_description
            ),
            JSON_OBJECT(
                'proxy_name', NEW.proxy_name, 
                'calculation_formula', NEW.calculation_formula,
                'proxy_description', NEW.proxy_description
            ),
            NULL, NOW());
    END IF;
END
$$
DELIMITER ;

-- --------------------------------------------------------

--
-- Table structure for table `social_impact_pathway`
--

CREATE TABLE `social_impact_pathway` (
  `pathway_id` int(11) NOT NULL,
  `project_id` int(11) NOT NULL COMMENT 'รหัสโครงการ',
  `pathway_sequence` varchar(10) NOT NULL COMMENT 'ลำดับของห่วงโซ่',
  `input_description` text DEFAULT NULL COMMENT 'ปัจจัยนำเข้า (Input)',
  `input_amount` decimal(15,2) DEFAULT NULL COMMENT 'จำนวนปัจจัยนำเข้า',
  `input_unit` varchar(100) DEFAULT NULL COMMENT 'หน่วยของปัจจัยนำเข้า',
  `activities_description` text DEFAULT NULL COMMENT 'กิจกรรม (Activities)',
  `activity_id` int(11) DEFAULT NULL COMMENT 'รหัสกิจกรรมที่เกี่ยวข้อง',
  `output_description` text DEFAULT NULL COMMENT 'ผลผลิต (Output)',
  `output_id` int(11) DEFAULT NULL COMMENT 'รหัสผลผลิตที่เกี่ยวข้อง',
  `output_quantity` int(11) DEFAULT NULL COMMENT 'จำนวนผลผลิต',
  `output_unit` varchar(100) DEFAULT NULL COMMENT 'หน่วยผลผลิต',
  `user_description` text DEFAULT NULL COMMENT 'ผู้ใช้ประโยชน์ (User)',
  `user_type` varchar(200) DEFAULT NULL COMMENT 'ประเภทผู้ใช้ประโยชน์',
  `user_quantity` int(11) DEFAULT NULL COMMENT 'จำนวนผู้ใช้ประโยชน์',
  `adoption_description` text DEFAULT NULL COMMENT 'การนำไปใช้ (Adoption)',
  `adoption_rate` decimal(5,2) DEFAULT NULL COMMENT 'อัตราการนำไปใช้ (%)',
  `adoption_method` text DEFAULT NULL COMMENT 'วิธีการนำไปใช้',
  `outcome_description` text DEFAULT NULL COMMENT 'ผลลัพธ์ (Outcome)',
  `outcome_id` int(11) DEFAULT NULL COMMENT 'รหัสผลลัพธ์ที่เกี่ยวข้อง',
  `outcome_value` decimal(15,2) DEFAULT NULL COMMENT 'มูลค่าผลลัพธ์',
  `outcome_unit` varchar(100) DEFAULT NULL COMMENT 'หน่วยผลลัพธ์',
  `impact_description` text DEFAULT NULL COMMENT 'ผลกระทบ (Impact)',
  `impact_type` enum('positive','negative') DEFAULT 'positive' COMMENT 'ประเภทผลกระทบ',
  `impact_category` enum('social','economic','environmental','educational','health') DEFAULT 'social' COMMENT 'หมวดหมู่ผลกระทบ',
  `impact_value` decimal(15,2) DEFAULT NULL COMMENT 'มูลค่าผลกระทบ',
  `impact_unit` varchar(100) DEFAULT NULL COMMENT 'หน่วยผลกระทบ',
  `measurement_period` varchar(50) DEFAULT NULL COMMENT 'ช่วงเวลาการวัด',
  `data_source` varchar(200) DEFAULT NULL COMMENT 'แหล่งข้อมูล',
  `assumptions` text DEFAULT NULL COMMENT 'สมมติฐาน',
  `risks` text DEFAULT NULL COMMENT 'ความเสี่ยง',
  `verification_method` text DEFAULT NULL COMMENT 'วิธีการตรวจสอบ',
  `notes` text DEFAULT NULL COMMENT 'หมายเหตุ',
  `created_by` varchar(100) DEFAULT NULL COMMENT 'ผู้สร้าง',
  `created_at` timestamp NOT NULL DEFAULT current_timestamp(),
  `updated_at` timestamp NOT NULL DEFAULT current_timestamp() ON UPDATE current_timestamp()
) ENGINE=InnoDB DEFAULT CHARSET=utf8mb4 COLLATE=utf8mb4_unicode_ci COMMENT='ตารางเก็บข้อมูลห่วงโซ่ผลกระทบทางสังคม (Social Impact Pathway)';

--
-- Dumping data for table `social_impact_pathway`
--

INSERT INTO `social_impact_pathway` (`pathway_id`, `project_id`, `pathway_sequence`, `input_description`, `input_amount`, `input_unit`, `activities_description`, `activity_id`, `output_description`, `output_id`, `output_quantity`, `output_unit`, `user_description`, `user_type`, `user_quantity`, `adoption_description`, `adoption_rate`, `adoption_method`, `outcome_description`, `outcome_id`, `outcome_value`, `outcome_unit`, `impact_description`, `impact_type`, `impact_category`, `impact_value`, `impact_unit`, `measurement_period`, `data_source`, `assumptions`, `risks`, `verification_method`, `notes`, `created_by`, `created_at`, `updated_at`) VALUES
(1, 7, 'ฟฟฟฟ', '', NULL, NULL, '', NULL, '', NULL, NULL, NULL, '', NULL, NULL, '', NULL, NULL, '', NULL, NULL, NULL, '', 'positive', 'social', NULL, NULL, NULL, NULL, NULL, NULL, NULL, NULL, '3', '2025-08-07 04:06:34', '2025-08-07 04:06:34'),
(2, 7, 'ฟฟฟฟ', '', NULL, NULL, '', NULL, '', NULL, NULL, NULL, '', NULL, NULL, '', NULL, NULL, '', NULL, NULL, NULL, '', 'positive', 'social', NULL, NULL, NULL, NULL, NULL, NULL, NULL, NULL, '3', '2025-08-07 04:14:48', '2025-08-07 04:14:48'),
(3, 4, 'xx', '', NULL, NULL, '', NULL, '', NULL, NULL, NULL, '', NULL, NULL, '', NULL, NULL, '', NULL, NULL, NULL, '', 'positive', 'social', NULL, NULL, NULL, NULL, NULL, NULL, NULL, NULL, '3', '2025-08-07 04:27:27', '2025-08-07 04:27:27');

-- --------------------------------------------------------

--
-- Table structure for table `strategies`
--

CREATE TABLE `strategies` (
  `strategy_id` int(11) NOT NULL,
  `strategy_code` varchar(50) NOT NULL,
  `strategy_name` varchar(255) NOT NULL,
  `description` text DEFAULT NULL,
  `created_at` timestamp NOT NULL DEFAULT current_timestamp()
) ENGINE=InnoDB DEFAULT CHARSET=utf8mb4 COLLATE=utf8mb4_general_ci;

--
-- Dumping data for table `strategies`
--

INSERT INTO `strategies` (`strategy_id`, `strategy_code`, `strategy_name`, `description`, `created_at`) VALUES
(1, 'ยุทธศาสตร์ที่ 1', 'พัฒนาท้องถิ่น', 'ยุทธศาสตร์การพัฒนาท้องถิ่นแบบบูรณาการ', '2025-08-01 03:58:14'),
(2, 'ยุทธศาสตร์ที่ 2', 'ผลิตและพัฒนาครู', 'พัฒนาครูและบุคลากรทางการศึกษา', '2025-08-01 03:58:14');

-- --------------------------------------------------------

--
-- Table structure for table `system_logs`
--

CREATE TABLE `system_logs` (
  `id` int(11) NOT NULL,
  `log_level` enum('DEBUG','INFO','WARNING','ERROR','CRITICAL') DEFAULT 'INFO' COMMENT 'ระดับ log',
  `module` varchar(100) DEFAULT NULL COMMENT 'โมดูลที่เกิดเหตุการณ์',
  `message` text NOT NULL COMMENT 'ข้อความ',
  `context` longtext CHARACTER SET utf8mb4 COLLATE utf8mb4_bin DEFAULT NULL COMMENT 'ข้อมูลบริบท' CHECK (json_valid(`context`)),
  `user_id` int(11) DEFAULT NULL COMMENT 'ผู้ใช้ที่เกี่ยวข้อง',
  `project_id` int(11) DEFAULT NULL COMMENT 'โครงการที่เกี่ยวข้อง',
  `ip_address` varchar(45) DEFAULT NULL,
  `timestamp` timestamp NOT NULL DEFAULT current_timestamp()
) ENGINE=InnoDB DEFAULT CHARSET=utf8mb4 COLLATE=utf8mb4_unicode_ci COMMENT='ตารางบันทึกระบบ';

-- --------------------------------------------------------

--
-- Table structure for table `users`
--

CREATE TABLE `users` (
  `id` int(11) NOT NULL,
  `username` varchar(100) NOT NULL COMMENT 'ชื่อผู้ใช้',
  `email` varchar(200) NOT NULL COMMENT 'อีเมล',
  `password_hash` varchar(255) NOT NULL COMMENT 'รหัสผ่านที่เข้ารหัส',
  `first_name` varchar(100) DEFAULT NULL COMMENT 'ชื่อ',
  `last_name` varchar(100) DEFAULT NULL COMMENT 'นามสกุล',
  `full_name_th` varchar(200) DEFAULT NULL COMMENT 'ชื่อ-นามสกุล ภาษาไทย',
  `title` varchar(50) DEFAULT NULL COMMENT 'คำนำหน้า',
  `position` varchar(200) DEFAULT NULL COMMENT 'ตำแหน่ง',
  `department` varchar(200) DEFAULT NULL COMMENT 'แผนก/หน่วยงาน',
  `organization` varchar(300) DEFAULT NULL COMMENT 'องค์กร',
  `phone` varchar(20) DEFAULT NULL COMMENT 'เบอร์โทรศัพท์',
  `role` enum('admin','teacher') NOT NULL DEFAULT 'teacher' COMMENT 'บทบาทผู้ใช้',
  `is_active` tinyint(1) DEFAULT 1 COMMENT 'สถานะการใช้งาน',
  `email_verified` tinyint(1) DEFAULT 0 COMMENT 'ยืนยันอีเมลแล้ว',
  `last_login` timestamp NULL DEFAULT NULL COMMENT 'เข้าสู่ระบบครั้งล่าสุด',
  `login_count` int(11) DEFAULT 0 COMMENT 'จำนวนครั้งที่เข้าสู่ระบบ',
  `created_at` timestamp NOT NULL DEFAULT current_timestamp(),
  `updated_at` timestamp NOT NULL DEFAULT current_timestamp() ON UPDATE current_timestamp(),
  `created_by` varchar(100) DEFAULT NULL COMMENT 'ผู้สร้างบัญชี'
) ENGINE=InnoDB DEFAULT CHARSET=utf8mb4 COLLATE=utf8mb4_unicode_ci COMMENT='ตารางเก็บข้อมูลผู้ใช้งาน';

--
-- Dumping data for table `users`
--

INSERT INTO `users` (`id`, `username`, `email`, `password_hash`, `first_name`, `last_name`, `full_name_th`, `title`, `position`, `department`, `organization`, `phone`, `role`, `is_active`, `email_verified`, `last_login`, `login_count`, `created_at`, `updated_at`, `created_by`) VALUES
(3, 'sunksun.lap', 'sunksun.lap@lru.ac.th', '$2y$10$8uas62T9NwlsSlIYJmU15.svZQYZcnz9jYc6PmocsJsPMm5.NndPm', NULL, NULL, 'นายสังสรรค์ หล้าพันธ์', NULL, NULL, 'คณะวิทยาศาสตร์และเทคโนโลยี', NULL, NULL, 'teacher', 1, 0, NULL, 0, '2025-07-30 16:33:27', '2025-07-30 16:33:27', NULL);

-- --------------------------------------------------------

--
-- Table structure for table `years`
--

CREATE TABLE `years` (
  `year_id` int(11) NOT NULL,
  `year_be` varchar(10) NOT NULL COMMENT 'ปี พ.ศ. เช่น 2567, 2568',
  `year_ad` int(11) NOT NULL COMMENT 'ปี ค.ศ. เช่น 2024, 2025',
  `year_display` varchar(50) NOT NULL COMMENT 'ชื่อปีที่แสดง เช่น 2567, 25xx',
  `year_description` varchar(200) DEFAULT NULL COMMENT 'รายละเอียดปี',
  `is_active` tinyint(1) DEFAULT 1 COMMENT 'สถานะการใช้งาน',
  `sort_order` int(11) DEFAULT 0 COMMENT 'ลำดับการแสดงผล',
  `created_at` timestamp NOT NULL DEFAULT current_timestamp(),
  `updated_at` timestamp NOT NULL DEFAULT current_timestamp() ON UPDATE current_timestamp()
) ENGINE=InnoDB DEFAULT CHARSET=utf8mb4 COLLATE=utf8mb4_unicode_ci COMMENT='ตารางเก็บข้อมูลปี พ.ศ.';

--
-- Dumping data for table `years`
--

INSERT INTO `years` (`year_id`, `year_be`, `year_ad`, `year_display`, `year_description`, `is_active`, `sort_order`, `created_at`, `updated_at`) VALUES
(1, '2567', 2024, '2567', 'ปี พ.ศ. 2567 (ค.ศ. 2024)', 1, 1, '2025-08-07 06:22:36', '2025-08-07 06:22:36'),
(2, '2568', 2025, '2568', 'ปี พ.ศ. 2568 (ค.ศ. 2025)', 1, 2, '2025-08-07 06:22:36', '2025-08-07 06:22:36'),
(3, '2569', 2026, '2569', 'ปี พ.ศ. 2569 (ค.ศ. 2026)', 1, 3, '2025-08-07 06:22:36', '2025-08-07 06:22:36'),
(4, '2570', 2027, '2570', 'ปี พ.ศ. 2570 (ค.ศ. 2027)', 1, 4, '2025-08-07 06:22:36', '2025-08-07 06:22:36'),
(5, '25xx', 2028, '25xx', 'ปี พ.ศ. 25xx (อนาคต)', 1, 5, '2025-08-07 06:22:36', '2025-08-07 06:22:36');

--
-- Indexes for dumped tables
--

--
-- Indexes for table `activities`
--
ALTER TABLE `activities`
  ADD PRIMARY KEY (`activity_id`),
  ADD KEY `strategy_id` (`strategy_id`);

--
-- Indexes for table `audit_logs`
--
ALTER TABLE `audit_logs`
  ADD PRIMARY KEY (`id`),
  ADD KEY `idx_table_record` (`table_name`,`record_id`),
  ADD KEY `idx_user_action` (`user_id`,`action`),
  ADD KEY `idx_timestamp` (`timestamp`),
  ADD KEY `idx_action` (`action`);

--
-- Indexes for table `outcomes`
--
ALTER TABLE `outcomes`
  ADD PRIMARY KEY (`outcome_id`),
  ADD KEY `idx_output_id` (`output_id`);

--
-- Indexes for table `outputs`
--
ALTER TABLE `outputs`
  ADD PRIMARY KEY (`output_id`),
  ADD KEY `activity_id` (`activity_id`);

--
-- Indexes for table `projects`
--
ALTER TABLE `projects`
  ADD PRIMARY KEY (`id`),
  ADD UNIQUE KEY `project_code` (`project_code`),
  ADD KEY `idx_project_code` (`project_code`),
  ADD KEY `idx_status` (`status`),
  ADD KEY `idx_date_range` (`start_date`,`end_date`),
  ADD KEY `idx_organization` (`organization`),
  ADD KEY `idx_project_status_date` (`status`,`start_date`,`end_date`);

--
-- Indexes for table `project_activities`
--
ALTER TABLE `project_activities`
  ADD PRIMARY KEY (`id`),
  ADD KEY `idx_project_id` (`project_id`),
  ADD KEY `idx_activity_id` (`activity_id`);

--
-- Indexes for table `project_impact_ratios`
--
ALTER TABLE `project_impact_ratios`
  ADD PRIMARY KEY (`id`),
  ADD UNIQUE KEY `unique_project_benefit` (`project_id`,`benefit_number`);

--
-- Indexes for table `project_outcomes`
--
ALTER TABLE `project_outcomes`
  ADD PRIMARY KEY (`id`),
  ADD UNIQUE KEY `unique_project_outcome` (`project_id`,`outcome_id`),
  ADD KEY `outcome_id` (`outcome_id`);

--
-- Indexes for table `project_outputs`
--
ALTER TABLE `project_outputs`
  ADD PRIMARY KEY (`id`),
  ADD KEY `idx_project_id` (`project_id`),
  ADD KEY `idx_output_id` (`output_id`);

--
-- Indexes for table `project_strategies`
--
ALTER TABLE `project_strategies`
  ADD PRIMARY KEY (`id`),
  ADD KEY `idx_project_id` (`project_id`),
  ADD KEY `idx_strategy_id` (`strategy_id`);

--
-- Indexes for table `proxies`
--
ALTER TABLE `proxies`
  ADD PRIMARY KEY (`proxy_id`),
  ADD KEY `idx_outcome_id` (`outcome_id`),
  ADD KEY `idx_proxy_sequence` (`proxy_sequence`),
  ADD KEY `idx_outcome_sequence` (`outcome_id`,`proxy_sequence`);

--
-- Indexes for table `social_impact_pathway`
--
ALTER TABLE `social_impact_pathway`
  ADD PRIMARY KEY (`pathway_id`),
  ADD KEY `idx_project_id` (`project_id`),
  ADD KEY `idx_activity_id` (`activity_id`),
  ADD KEY `idx_output_id` (`output_id`),
  ADD KEY `idx_outcome_id` (`outcome_id`),
  ADD KEY `idx_impact_category` (`impact_category`);

--
-- Indexes for table `strategies`
--
ALTER TABLE `strategies`
  ADD PRIMARY KEY (`strategy_id`);

--
-- Indexes for table `system_logs`
--
ALTER TABLE `system_logs`
  ADD PRIMARY KEY (`id`),
  ADD KEY `idx_level` (`log_level`),
  ADD KEY `idx_module` (`module`),
  ADD KEY `idx_user` (`user_id`),
  ADD KEY `idx_project` (`project_id`),
  ADD KEY `idx_timestamp` (`timestamp`);

--
-- Indexes for table `users`
--
ALTER TABLE `users`
  ADD PRIMARY KEY (`id`),
  ADD UNIQUE KEY `username` (`username`),
  ADD UNIQUE KEY `email` (`email`),
  ADD KEY `idx_username` (`username`),
  ADD KEY `idx_email` (`email`),
  ADD KEY `idx_role` (`role`),
  ADD KEY `idx_organization` (`organization`),
  ADD KEY `idx_active` (`is_active`);

--
-- Indexes for table `years`
--
ALTER TABLE `years`
  ADD PRIMARY KEY (`year_id`),
  ADD UNIQUE KEY `year_be` (`year_be`),
  ADD KEY `idx_year_active` (`is_active`),
  ADD KEY `idx_sort_order` (`sort_order`);

--
-- AUTO_INCREMENT for dumped tables
--

--
-- AUTO_INCREMENT for table `activities`
--
ALTER TABLE `activities`
  MODIFY `activity_id` int(11) NOT NULL AUTO_INCREMENT, AUTO_INCREMENT=23;

--
-- AUTO_INCREMENT for table `audit_logs`
--
ALTER TABLE `audit_logs`
  MODIFY `id` int(11) NOT NULL AUTO_INCREMENT, AUTO_INCREMENT=11;

--
-- AUTO_INCREMENT for table `outcomes`
--
ALTER TABLE `outcomes`
  MODIFY `outcome_id` int(11) NOT NULL AUTO_INCREMENT, AUTO_INCREMENT=85;

--
-- AUTO_INCREMENT for table `outputs`
--
ALTER TABLE `outputs`
  MODIFY `output_id` int(11) NOT NULL AUTO_INCREMENT, AUTO_INCREMENT=43;

--
-- AUTO_INCREMENT for table `projects`
--
ALTER TABLE `projects`
  MODIFY `id` int(11) NOT NULL AUTO_INCREMENT, AUTO_INCREMENT=8;

--
-- AUTO_INCREMENT for table `project_activities`
--
ALTER TABLE `project_activities`
  MODIFY `id` int(11) NOT NULL AUTO_INCREMENT, AUTO_INCREMENT=4;

--
-- AUTO_INCREMENT for table `project_impact_ratios`
--
ALTER TABLE `project_impact_ratios`
  MODIFY `id` int(11) NOT NULL AUTO_INCREMENT, AUTO_INCREMENT=5;

--
-- AUTO_INCREMENT for table `project_outcomes`
--
ALTER TABLE `project_outcomes`
  MODIFY `id` int(11) NOT NULL AUTO_INCREMENT, AUTO_INCREMENT=5;

--
-- AUTO_INCREMENT for table `project_outputs`
--
ALTER TABLE `project_outputs`
  MODIFY `id` int(11) NOT NULL AUTO_INCREMENT, AUTO_INCREMENT=4;

--
-- AUTO_INCREMENT for table `project_strategies`
--
ALTER TABLE `project_strategies`
  MODIFY `id` int(11) NOT NULL AUTO_INCREMENT, AUTO_INCREMENT=4;

--
-- AUTO_INCREMENT for table `proxies`
--
ALTER TABLE `proxies`
  MODIFY `proxy_id` int(11) NOT NULL AUTO_INCREMENT, AUTO_INCREMENT=75;

--
-- AUTO_INCREMENT for table `social_impact_pathway`
--
ALTER TABLE `social_impact_pathway`
  MODIFY `pathway_id` int(11) NOT NULL AUTO_INCREMENT, AUTO_INCREMENT=4;

--
-- AUTO_INCREMENT for table `strategies`
--
ALTER TABLE `strategies`
  MODIFY `strategy_id` int(11) NOT NULL AUTO_INCREMENT, AUTO_INCREMENT=3;

--
-- AUTO_INCREMENT for table `system_logs`
--
ALTER TABLE `system_logs`
  MODIFY `id` int(11) NOT NULL AUTO_INCREMENT;

--
-- AUTO_INCREMENT for table `users`
--
ALTER TABLE `users`
  MODIFY `id` int(11) NOT NULL AUTO_INCREMENT, AUTO_INCREMENT=4;

--
-- AUTO_INCREMENT for table `years`
--
ALTER TABLE `years`
  MODIFY `year_id` int(11) NOT NULL AUTO_INCREMENT, AUTO_INCREMENT=7;

--
-- Constraints for dumped tables
--

--
-- Constraints for table `activities`
--
ALTER TABLE `activities`
  ADD CONSTRAINT `activities_ibfk_1` FOREIGN KEY (`strategy_id`) REFERENCES `strategies` (`strategy_id`) ON DELETE CASCADE;

--
-- Constraints for table `outcomes`
--
ALTER TABLE `outcomes`
  ADD CONSTRAINT `outcomes_ibfk_1` FOREIGN KEY (`output_id`) REFERENCES `outputs` (`output_id`) ON DELETE CASCADE;

--
-- Constraints for table `outputs`
--
ALTER TABLE `outputs`
  ADD CONSTRAINT `outputs_ibfk_1` FOREIGN KEY (`activity_id`) REFERENCES `activities` (`activity_id`) ON DELETE CASCADE;

--
-- Constraints for table `project_activities`
--
ALTER TABLE `project_activities`
  ADD CONSTRAINT `project_activities_ibfk_1` FOREIGN KEY (`project_id`) REFERENCES `projects` (`id`) ON DELETE CASCADE,
  ADD CONSTRAINT `project_activities_ibfk_2` FOREIGN KEY (`activity_id`) REFERENCES `activities` (`activity_id`) ON DELETE CASCADE;

--
-- Constraints for table `project_impact_ratios`
--
ALTER TABLE `project_impact_ratios`
  ADD CONSTRAINT `project_impact_ratios_ibfk_1` FOREIGN KEY (`project_id`) REFERENCES `projects` (`id`) ON DELETE CASCADE;

--
-- Constraints for table `project_outcomes`
--
ALTER TABLE `project_outcomes`
  ADD CONSTRAINT `project_outcomes_ibfk_1` FOREIGN KEY (`project_id`) REFERENCES `projects` (`id`) ON DELETE CASCADE,
  ADD CONSTRAINT `project_outcomes_ibfk_2` FOREIGN KEY (`outcome_id`) REFERENCES `outcomes` (`outcome_id`) ON DELETE CASCADE;

--
-- Constraints for table `project_outputs`
--
ALTER TABLE `project_outputs`
  ADD CONSTRAINT `project_outputs_ibfk_1` FOREIGN KEY (`project_id`) REFERENCES `projects` (`id`) ON DELETE CASCADE,
  ADD CONSTRAINT `project_outputs_ibfk_2` FOREIGN KEY (`output_id`) REFERENCES `outputs` (`output_id`) ON DELETE CASCADE;

--
-- Constraints for table `project_strategies`
--
ALTER TABLE `project_strategies`
  ADD CONSTRAINT `project_strategies_ibfk_1` FOREIGN KEY (`project_id`) REFERENCES `projects` (`id`) ON DELETE CASCADE,
  ADD CONSTRAINT `project_strategies_ibfk_2` FOREIGN KEY (`strategy_id`) REFERENCES `strategies` (`strategy_id`) ON DELETE CASCADE;

--
-- Constraints for table `proxies`
--
ALTER TABLE `proxies`
  ADD CONSTRAINT `proxies_ibfk_1` FOREIGN KEY (`outcome_id`) REFERENCES `outcomes` (`outcome_id`) ON DELETE CASCADE;

--
-- Constraints for table `social_impact_pathway`
--
ALTER TABLE `social_impact_pathway`
  ADD CONSTRAINT `social_impact_pathway_ibfk_1` FOREIGN KEY (`project_id`) REFERENCES `projects` (`id`) ON DELETE CASCADE,
  ADD CONSTRAINT `social_impact_pathway_ibfk_2` FOREIGN KEY (`activity_id`) REFERENCES `activities` (`activity_id`) ON DELETE SET NULL,
  ADD CONSTRAINT `social_impact_pathway_ibfk_3` FOREIGN KEY (`output_id`) REFERENCES `outputs` (`output_id`) ON DELETE SET NULL,
  ADD CONSTRAINT `social_impact_pathway_ibfk_4` FOREIGN KEY (`outcome_id`) REFERENCES `outcomes` (`outcome_id`) ON DELETE SET NULL;
COMMIT;

/*!40101 SET CHARACTER_SET_CLIENT=@OLD_CHARACTER_SET_CLIENT */;
/*!40101 SET CHARACTER_SET_RESULTS=@OLD_CHARACTER_SET_RESULTS */;
/*!40101 SET COLLATION_CONNECTION=@OLD_COLLATION_CONNECTION */;
